word,word_pinyin,word_eng,sentence,sentence_pinyin,sentence_eng,sound,sentence_sound
记住,jìzhù,to remember; to memorize,请记住这些生词。,Qǐng jìzhù zhè xiē shēngcí.,Please memorize these new words.,http://wotd.transparent.com/mandarin-chinese/level-1/sound/to-remember-word.mp3,http://wotd.transparent.com/mandarin-chinese/level-1/sound/to-remember-phrase.mp3
自己,zìjǐ,self,让孩子自己做。,Ràng háizi zìjǐ zuò.,Let the children do it themselves.,http://wotd.transparent.com/mandarin-chinese/level-1/sound/self-word.mp3,http://wotd.transparent.com/mandarin-chinese/level-1/sound/self-phrase.mp3
带,dài,to bring,请别带照相机。,Qǐng bié dài zhàoxiàngjī.,Please don't bring a camera.,http://wotd.transparent.com/mandarin-chinese/level-1/sound/to-bring-word.mp3,http://wotd.transparent.com/mandarin-chinese/level-1/sound/to-bring-phrase.mp3
裤子,kùzi,pants,这条裤子很贵。,Zhè tiáo kùzi hěnguì.,This pair of pants is quite expensive.,http://wotd.transparent.com/mandarin-chinese/level-1/sound/pants-word.mp3,http://wotd.transparent.com/mandarin-chinese/level-1/sound/pants-phrase.mp3
短,duǎn,short,这条裙子太短。,Zhè tiáo qúnzi tài duǎn.,This skirt is too short.,http://wotd.transparent.com/mandarin-chinese/level-1/sound/short-word.mp3,http://wotd.transparent.com/mandarin-chinese/level-1/sound/short-phrase.mp3
职业,zhíyè,profession,他的职业是教师。,Tā de zhíyè shì jiàoshī.,Teaching is his profession.,http://wotd.transparent.com/mandarin-chinese/level-1/sound/profession-word.mp3,http://wotd.transparent.com/mandarin-chinese/level-1/sound/profession-phrase.mp3
以前,yǐqián,"before, ago",十年以前我去了法国。,Shínián yǐqián wǒ qùle fǎguó.,I went to France ten years ago.,http://wotd.transparent.com/mandarin-chinese/level-1/sound/before-word.mp3,http://wotd.transparent.com/mandarin-chinese/level-1/sound/before-phrase.mp3
马路,mǎlù,street,北京的马路很宽。,Běijīng de mǎlù hěn kuān.,Beijing's streets are wide.,http://wotd.transparent.com/mandarin-chinese/level-1/sound/street-word.mp3,http://wotd.transparent.com/mandarin-chinese/level-1/sound/street-phrase.mp3
马路,mǎlù,street,北京的马路很宽。,Běijīng de mǎlù hěn kuān.,Beijing's streets are wide.,http://wotd.transparent.com/mandarin-chinese/level-1/sound/street-word.mp3,http://wotd.transparent.com/mandarin-chinese/level-1/sound/street-phrase.mp3
爱,ài,to love,我爱我妈妈。,Wǒ ài wǒ māma.,I love my mom.,http://wotd.transparent.com/mandarin-chinese/level-1/sound/to-love-word.mp3,http://wotd.transparent.com/mandarin-chinese/level-1/sound/to-love-phrase.mp3
瓶子,píngzi,bottle,我们有三个空瓶子。,Wǒmen yǒu sān gè kōng píngzi.,We have three empty bottles.,http://wotd.transparent.com/mandarin-chinese/level-1/sound/bottle2-word.mp3,http://wotd.transparent.com/mandarin-chinese/level-1/sound/bottle2-phrase.mp3
别,bié,don't,请别吸烟。,Qǐng bié xīyān.,Please don't smoke.,http://wotd.transparent.com/mandarin-chinese/level-1/sound/dont-word.mp3,http://wotd.transparent.com/mandarin-chinese/level-1/sound/dont-phrase.mp3
准备,zhǔnbèi,to prepare,妈妈要准备午饭。,Māma yào zhǔnbèi wǔfàn.,Mother has to prepare lunch.,http://wotd.transparent.com/mandarin-chinese/level-1/sound/to-prepare-word.mp3,http://wotd.transparent.com/mandarin-chinese/level-1/sound/to-prepare-phrase.mp3
以后,yǐhòu,"later, after",午饭以后我去学校。,Wǔfàn yǐhòu wǒ qù xuéxiào.,I will go to school after lunch.,http://wotd.transparent.com/mandarin-chinese/level-1/sound/later-word.mp3,http://wotd.transparent.com/mandarin-chinese/level-1/sound/later-phrase.mp3
小时,xiǎoshí,hour,三小时后她来。,Sān xiǎoshí hòu tā lái.,She will come three hours from now.,http://wotd.transparent.com/mandarin-chinese/level-1/sound/hour-word.mp3,http://wotd.transparent.com/mandarin-chinese/level-1/sound/hour-phrase.mp3
长,cháng,long,密西西比河很长。,Mìxīxībǐhé hěn cháng.,The Mississippi River is very long.,http://wotd.transparent.com/mandarin-chinese/level-1/sound/long-word.mp3,http://wotd.transparent.com/mandarin-chinese/level-1/sound/long-phrase.mp3
借,jiè,to borrow,我要借书。,Wǒ yào jiè shū.,I want to borrow some books.,http://wotd.transparent.com/mandarin-chinese/level-1/sound/to-borrow-word.mp3,http://wotd.transparent.com/mandarin-chinese/level-1/sound/to-borrow-phrase.mp3
休息,xiūxi,to rest,我们休息五分钟。,Wǒmen xiūxi wǔ fēnzhōng.,Let's have a five-minute break.,http://wotd.transparent.com/mandarin-chinese/level-1/sound/to-rest-word.mp3,http://wotd.transparent.com/mandarin-chinese/level-1/sound/to-rest-phrase.mp3
办公室,bàngōngshì,office,办公室在哪儿？,Bàngōngshì zài nǎr?,Where is the office?,http://wotd.transparent.com/mandarin-chinese/level-1/sound/office-word.mp3,http://wotd.transparent.com/mandarin-chinese/level-1/sound/office-phrase.mp3
忘,wàng,to forget,我忘了他的地址。,Wǒ wàngle tā de dìzhǐ.,I forgot his address.,http://wotd.transparent.com/mandarin-chinese/level-1/sound/to-forget-word.mp3,http://wotd.transparent.com/mandarin-chinese/level-1/sound/to-forget-phrase.mp3
地方,dìfang,place,她去了中国很多地方。,Tā qùle zhōngguó hěnduō dìfang.,She has been to many places in China.,http://wotd.transparent.com/mandarin-chinese/level-1/sound/place-word.mp3,http://wotd.transparent.com/mandarin-chinese/level-1/sound/place-phrase.mp3
城市,chéngshì,city,纽约是大城市。,Niǔyuē shì dà chéngshì.,New York is a large city.,http://wotd.transparent.com/mandarin-chinese/level-1/sound/city-word.mp3,http://wotd.transparent.com/mandarin-chinese/level-1/sound/city-phrase.mp3
信用卡,xìnyòngkǎ,credit card,现在大家都用信用卡。,Xiànzài dàjiā dōu yòng xìnyòngkǎ.,Everyone uses a credit card now.,http://wotd.transparent.com/mandarin-chinese/level-1/sound/credit-card-word.mp3,http://wotd.transparent.com/mandarin-chinese/level-1/sound/credit-card-phrase.mp3
懂,dǒng,to understand,这个故事你懂吗？,Zhège gùshi nǐ dǒng ma?,Do you understand this story?,http://wotd.transparent.com/mandarin-chinese/level-1/sound/to-understand2-word.mp3,http://wotd.transparent.com/mandarin-chinese/level-1/sound/to-understand2-phrase.mp3
流利,liúlì,fluent,他说的汉语很流利。,Tā shuō de hànyǔ hěn liúlì.,His spoken Chinese is fluent.,http://wotd.transparent.com/mandarin-chinese/level-1/sound/fluent-word.mp3,http://wotd.transparent.com/mandarin-chinese/level-1/sound/fluent-phrase.mp3
发展,fāzhǎn,to develop,中国发展得很快。,Zhōngguó fāzhǎn de hěnkuài.,China is developing fast.,http://wotd.transparent.com/mandarin-chinese/level-1/sound/to-develop-word.mp3,http://wotd.transparent.com/mandarin-chinese/level-1/sound/to-develop-phrase.mp3
参观,cānguān,to visit,我参观了博物馆。,Wǒ cānguān le bówùguàn.,I visited the museum.,http://wotd.transparent.com/mandarin-chinese/level-1/sound/to-visit-word.mp3,http://wotd.transparent.com/mandarin-chinese/level-1/sound/to-visit-phrase.mp3
热闹,rènào,lively,中国的春节真热闹。,Zhōngguó de chūnjié zhēn rènao.,China's Spring Festival is very lively.,http://wotd.transparent.com/mandarin-chinese/level-1/sound/lively-word.mp3,http://wotd.transparent.com/mandarin-chinese/level-1/sound/lively-phrase.mp3
非常,fēicháng,extremely,今天非常热。,Jīntiān fēicháng rè.,It's extremely hot today.,http://wotd.transparent.com/mandarin-chinese/level-1/sound/extremely-word.mp3,http://wotd.transparent.com/mandarin-chinese/level-1/sound/extremely-phrase.mp3
美元,měiyuán,American dollar,我有一百块美元。,Wǒ yǒu yībǎi kuài měiyuán.,I have one hundred dollars.,http://wotd.transparent.com/mandarin-chinese/level-1/sound/American-dollar-word.mp3,http://wotd.transparent.com/mandarin-chinese/level-1/sound/American-dollar-phrase.mp3
美元,měiyuán,American dollar,我有一百块美元。,Wǒ yǒu yībǎi kuài měiyuán.,I have one hundred dollars.,http://wotd.transparent.com/mandarin-chinese/level-1/sound/American-dollar-word.mp3,http://wotd.transparent.com/mandarin-chinese/level-1/sound/American-dollar-phrase.mp3
银行,yínháng,bank,银行几点开门？,Yíngháng jǐdiǎn kāimén?,What time does the bank open?,http://wotd.transparent.com/mandarin-chinese/level-1/sound/bank-word.mp3,http://wotd.transparent.com/mandarin-chinese/level-1/sound/bank-phrase.mp3
银行,yínháng,bank,银行几点开门？,Yíngháng jǐdiǎn kāimén?,What time does the bank open?,http://wotd.transparent.com/mandarin-chinese/level-1/sound/bank-word.mp3,http://wotd.transparent.com/mandarin-chinese/level-1/sound/bank-phrase.mp3
干净,gānjìng,clean,他的房间很干净。,Tā de fángjiān hěn gānjìng.,His room is very clean.,http://wotd.transparent.com/mandarin-chinese/level-1/sound/clean-word.mp3,http://wotd.transparent.com/mandarin-chinese/level-1/sound/clean-phrase.mp3
圣诞节,shèngdànjié,Christmas,圣诞节我要回家。,Shèngdànjié wǒ yào huíjiā.,I will go home for Christmas.,http://wotd.transparent.com/mandarin-chinese/level-1/sound/Christmas-word.mp3,http://wotd.transparent.com/mandarin-chinese/level-1/sound/Christmas-phrase.mp3
语法,yǔfǎ,grammar,汉语语法不太难。,Hànyǔ yǔfǎ bú tài nán.,Chinese grammar is not very difficult.,http://wotd.transparent.com/mandarin-chinese/level-1/sound/grammar-word.mp3,http://wotd.transparent.com/mandarin-chinese/level-1/sound/grammar-phrase.mp3
口语,kǒuyǔ,spoken language,我的汉语口语不太好。,Wǒ de hànyǔ kǒuyǔ bú tài hǎo.,My spoken Chinese is not very good.,http://wotd.transparent.com/mandarin-chinese/level-1/sound/spoken-language-word.mp3,http://wotd.transparent.com/mandarin-chinese/level-1/sound/spoken-language-phrase.mp3
念,niàn,to read aloud,请念生词。,Qǐng niàn shēngcí.,Please read the new words aloud.,http://wotd.transparent.com/mandarin-chinese/level-1/sound/to-read-aloud-word.mp3,http://wotd.transparent.com/mandarin-chinese/level-1/sound/to-read-aloud-phrase.mp3
房子,fángzi,house,他家的房子很美。,Tā jiā de fángzi hěn měi.,His family's house is very beautiful.,http://wotd.transparent.com/mandarin-chinese/level-1/sound/house-word.mp3,http://wotd.transparent.com/mandarin-chinese/level-1/sound/house-phrase.mp3
旅行,lǚxíng,to travel,我想去西部旅行。,Wǒ xiǎng qù xībù lǚxíng.,I'd like to travel in the west.,http://wotd.transparent.com/mandarin-chinese/level-1/sound/to-travel-word.mp3,http://wotd.transparent.com/mandarin-chinese/level-1/sound/to-travel-phrase.mp3
洗,xǐ,to wash,请把车洗一洗。,Qǐng bǎ chē xǐyixǐ.,Please wash the car.,http://wotd.transparent.com/mandarin-chinese/level-1/sound/to-wash-word.mp3,http://wotd.transparent.com/mandarin-chinese/level-1/sound/to-wash-phrase.mp3
有意思,yǒuyìsi,interesting,这本书很有意思。,Zhè běn shū hěn yǒuyìsi.,This book is very interesting.,http://wotd.transparent.com/mandarin-chinese/level-1/sound/interesting-word.mp3,http://wotd.transparent.com/mandarin-chinese/level-1/sound/interesting-phrase.mp3
打扫,dǎsǎo,to clean,他每天打扫房间。,Tā měitiān dǎsǎo fángjiān.,He cleans the room everyday.,http://wotd.transparent.com/mandarin-chinese/level-1/sound/to-clean-word.mp3,http://wotd.transparent.com/mandarin-chinese/level-1/sound/to-clean-phrase.mp3
寄,jì,to mail,我给妈妈寄了礼物。,Wǒ gěi māma jìle lǐwù.,I have mailed the gift to mom.,http://wotd.transparent.com/mandarin-chinese/level-1/sound/to-mail-word.mp3,http://wotd.transparent.com/mandarin-chinese/level-1/sound/to-mail-phrase.mp3
刚才,gāngcái,just now,他刚才来找过你。,Tā gāngcái lái zhǎoguò nǐ.,He has just come to look for you.,http://wotd.transparent.com/mandarin-chinese/level-1/sound/just-now-word.mp3,http://wotd.transparent.com/mandarin-chinese/level-1/sound/just-now-phrase.mp3
河,hé,river,黄河在中国。,Huánghé zài zhōngguó.,The Yellow River is in China.,http://wotd.transparent.com/mandarin-chinese/level-1/sound/river-word.mp3,http://wotd.transparent.com/mandarin-chinese/level-1/sound/river-phrase.mp3
山,shān,mountain,中国有很多大山。,Zhōngguó yǒu hěnduō dà shān.,There are many big mountains in China.,http://wotd.transparent.com/mandarin-chinese/level-1/sound/mountain-word.mp3,http://wotd.transparent.com/mandarin-chinese/level-1/sound/mountain-phrase.mp3
回,huí,to return,他已经回家了。,Tā yǐjīng huíjiā le.,He has already gone home.,http://wotd.transparent.com/mandarin-chinese/level-1/sound/to-return-word.mp3,http://wotd.transparent.com/mandarin-chinese/level-1/sound/to-return-phrase.mp3
旧,jiù,old,我的衣服很旧。,Wǒde yīfu hěn jiù.,My clothes are very old.,http://wotd.transparent.com/mandarin-chinese/level-1/sound/old-word.mp3,http://wotd.transparent.com/mandarin-chinese/level-1/sound/old-phrase.mp3
新,xīn,new,这个书店是新的。,Zhè ge shūdiàn shì xīnde.,This bookstore is new.,http://wotd.transparent.com/mandarin-chinese/level-1/sound/new-word.mp3,http://wotd.transparent.com/mandarin-chinese/level-1/sound/new-phrase.mp3
服务,fúwù,to serve,这家商店服务很好。,Zhè jiā shāngdiàn fúwù hěn hǎo.,This store's service is very good.,http://wotd.transparent.com/mandarin-chinese/level-1/sound/to-serve-word.mp3,http://wotd.transparent.com/mandarin-chinese/level-1/sound/to-serve-phrase.mp3
热心,rèxīn,enthusiastic,他很热心地帮助我。,Tā hěn rèxīn de bāngzhù wǒ.,He helps me enthusiastically.,http://wotd.transparent.com/mandarin-chinese/level-1/sound/enthusiastic-word.mp3,http://wotd.transparent.com/mandarin-chinese/level-1/sound/enthusiastic-phrase.mp3
方便,fāngbiàn,convenient,这儿买东西很方便。,Zhèr mǎi dōngxi hěn fāngbiàn.,It is convenient to go shopping here.,http://wotd.transparent.com/mandarin-chinese/level-1/sound/convenient-word.mp3,http://wotd.transparent.com/mandarin-chinese/level-1/sound/convenient-phrase.mp3
方便,fāngbiàn,convenient,这儿买东西很方便。,Zhèr mǎi dōngxi hěn fāngbiàn.,It is convenient to go shopping here.,http://wotd.transparent.com/mandarin-chinese/level-1/sound/convenient-word.mp3,http://wotd.transparent.com/mandarin-chinese/level-1/sound/convenient-phrase.mp3
等,děng,to wait,我等了很久。,Wǒ děng le hěn jiǔ.,I waited for a long time.,http://wotd.transparent.com/mandarin-chinese/level-1/sound/to-wait-word.mp3,http://wotd.transparent.com/mandarin-chinese/level-1/sound/to-wait-phrase.mp3
等,děng,to wait,我等了很久。,Wǒ děng le hěn jiǔ.,I waited for a long time.,http://wotd.transparent.com/mandarin-chinese/level-1/sound/to-wait-word.mp3,http://wotd.transparent.com/mandarin-chinese/level-1/sound/to-wait-phrase.mp3
经理,jīnglǐ,manager,今天经理有会。,Jīntiān jīnglǐ yǒu huì.,The manager has a meeting today.,http://wotd.transparent.com/mandarin-chinese/level-1/sound/manager-word.mp3,http://wotd.transparent.com/mandarin-chinese/level-1/sound/manager-phrase.mp3
帮助,bāngzhù,to help,我可以帮助你吗？,Wǒ kěyǐ bāngzhù nǐ ma?,May I help you?,http://wotd.transparent.com/mandarin-chinese/level-1/sound/to-help-word.mp3,http://wotd.transparent.com/mandarin-chinese/level-1/sound/to-help-phrase.mp3
让,ràng,"to allow, to let",爸爸不让我喝啤酒。,Bàba bú ràng wǒ hē píjiǔ.,Dad does not allow me to drink beer.,http://wotd.transparent.com/mandarin-chinese/level-1/sound/to-allow-word.mp3,http://wotd.transparent.com/mandarin-chinese/level-1/sound/to-allow-phrase.mp3
办,bàn,"to deal with, to do, to take care of, to manage",我有很多事要办。,Wǒ yǒu hěnduō shì yào bàn.,I have a lot to take care of.,http://wotd.transparent.com/mandarin-chinese/level-1/sound/to-deal-with-word.mp3,http://wotd.transparent.com/mandarin-chinese/level-1/sound/to-deal-with-phrase.mp3
厨房,chúfáng,kitchen,这间厨房太小。,Zhè jiān chúfáng tài xiǎo.,This kitchen is too small.,http://wotd.transparent.com/mandarin-chinese/level-1/sound/kitchen-word.mp3,http://wotd.transparent.com/mandarin-chinese/level-1/sound/kitchen-phrase.mp3
租,zū,to rent,他想租一间房。,Tā xiǎng zū yī jiān fáng.,He wants to rent a room.,http://wotd.transparent.com/mandarin-chinese/level-1/sound/to-rent-word.mp3,http://wotd.transparent.com/mandarin-chinese/level-1/sound/to-rent-phrase.mp3
可是,kěshì,but,我很好，可是太忙。,"Wǒ hěnhǎo, kěshì tài máng.","I am well, but too busy.",http://wotd.transparent.com/mandarin-chinese/level-1/sound/but-word.mp3,http://wotd.transparent.com/mandarin-chinese/level-1/sound/but-phrase.mp3
散步,sànbù,to take a walk,他吃饭后常常散步。,Tā chīfàn hòu chángcháng sànbù.,He often takes a walk after meals.,http://wotd.transparent.com/mandarin-chinese/level-1/sound/to-take-a-walk-word.mp3,http://wotd.transparent.com/mandarin-chinese/level-1/sound/to-take-a-walk-phrase.mp3
告诉,gàosu,to tell,请告诉他一点开会。,Qǐng gàosù tā yīdiǎn kāihuì.,Please tell him the meeting is at one o'clock.,http://wotd.transparent.com/mandarin-chinese/level-1/sound/to-tell-word.mp3,http://wotd.transparent.com/mandarin-chinese/level-1/sound/to-tell-phrase.mp3
告诉,gàosu,to tell,请告诉他一点开会。,Qǐng gàosù tā yīdiǎn kāihuì.,Please tell him the meeting is at one o'clock.,http://wotd.transparent.com/mandarin-chinese/level-1/sound/to-tell-word.mp3,http://wotd.transparent.com/mandarin-chinese/level-1/sound/to-tell-phrase.mp3
听说,tīngshuō,to hear of; to hear about,听说她工作得很晚。,Tīngshūo tā gōngzuò de hěn wǎn.,I hear she works very late.,http://wotd.transparent.com/mandarin-chinese/level-1/sound/to-hear-of;-to-hear-about-word.mp3,http://wotd.transparent.com/mandarin-chinese/level-1/sound/to-hear-of;-to-hear-about-phrase.mp3
胃,wèi,stomach,我的胃不舒服。,Wǒ de wèi bù shūfu.,My stomach doesn't feel well.,http://wotd.transparent.com/mandarin-chinese/level-1/sound/stomach-word.mp3,http://wotd.transparent.com/mandarin-chinese/level-1/sound/stomach-phrase.mp3
牙,yá,tooth,我牙疼。,Wǒ yá téng.,I have a toothache.,http://wotd.transparent.com/mandarin-chinese/level-1/sound/tooth-word.mp3,http://wotd.transparent.com/mandarin-chinese/level-1/sound/tooth-phrase.mp3
药,yào,medicine,我要去买药。,Wǒ yào qù mǎi yào.,I need to buy some medicine.,http://wotd.transparent.com/mandarin-chinese/level-1/sound/medicine-word.mp3,http://wotd.transparent.com/mandarin-chinese/level-1/sound/medicine-phrase.mp3
发烧,fāshāo,to have a fever,我有点儿发烧。,#N/A!,I have a bit of a fever.,http://wotd.transparent.com/mandarin-chinese/level-1/sound/to-have-a-fever-word.mp3,http://wotd.transparent.com/mandarin-chinese/level-1/sound/to-have-a-fever-phrase.mp3
感冒,gǎnmào,to have a cold; to catch a cold,孩子感冒了。,Háizi gǎnmào le.,The child has caught a cold.,http://wotd.transparent.com/mandarin-chinese/level-1/sound/to-have-a-cold-word.mp3,http://wotd.transparent.com/mandarin-chinese/level-1/sound/to-have-a-cold-phrase.mp3
住,zhù,to live,你住在哪儿？,Nǐ zhù zài nǎr?,Where do you live?,http://wotd.transparent.com/mandarin-chinese/level-1/sound/to-live-word.mp3,http://wotd.transparent.com/mandarin-chinese/level-1/sound/to-live-phrase.mp3
紫,zǐ,purple,我喜欢紫色。,Wǒ xǐhuan zǐ sè.,I like purple.,http://wotd.transparent.com/mandarin-chinese/level-1/sound/purple-word.mp3,http://wotd.transparent.com/mandarin-chinese/level-1/sound/purple-phrase.mp3
蓝,lán,blue,今天天真蓝。,Jīntiān tiān zhēn lán.,The sky is really blue today.,http://wotd.transparent.com/mandarin-chinese/level-1/sound/blue-word.mp3,http://wotd.transparent.com/mandarin-chinese/level-1/sound/blue-phrase.mp3
黄,huáng,yellow,秋天草黄了。,Qiūtiān cǎo huáng le.,Grass turns yellow in the fall.,http://wotd.transparent.com/mandarin-chinese/level-1/sound/yellow-word.mp3,http://wotd.transparent.com/mandarin-chinese/level-1/sound/yellow-phrase.mp3
绿,lǜ,green,绿草很嫩。,Lǜ cǎo hěn nèn.,Green grass is tender.,http://wotd.transparent.com/mandarin-chinese/level-1/sound/green-word.mp3,http://wotd.transparent.com/mandarin-chinese/level-1/sound/green-phrase.mp3
白,bái,white,夏天我穿白衬衫。,Xiàtiān wǒ chuān bái chènshān.,I wear white shirts in the summer.,http://wotd.transparent.com/mandarin-chinese/level-1/sound/white-word.mp3,http://wotd.transparent.com/mandarin-chinese/level-1/sound/white-phrase.mp3
黑,hēi,black,教室有黑板。,Jiàoshì yǒu hēibǎn.,There is a blackboard in the classroom.,http://wotd.transparent.com/mandarin-chinese/level-1/sound/black-word.mp3,http://wotd.transparent.com/mandarin-chinese/level-1/sound/black-phrase.mp3
衣服,yīfu,clothing; clothes,他穿了一件黑衣服。,Tā chuānle yī jiàn hēi yīfu.,He wore one piece of black clothing.,http://wotd.transparent.com/mandarin-chinese/level-1/sound/clothing-word.mp3,http://wotd.transparent.com/mandarin-chinese/level-1/sound/clothing-phrase.mp3
穿,chuān,to wear,孩子喜欢穿新衣。,Háizi xǐhuān chuān xīnyī.,Children like to wear new clothes.,http://wotd.transparent.com/mandarin-chinese/level-1/sound/to-wear-word.mp3,http://wotd.transparent.com/mandarin-chinese/level-1/sound/to-wear-phrase.mp3
凉快,liángkuài,cool,北部夏天很凉快。,Běibù xiàtiān hěn liángkuài.,It is cool in the north in summer.,http://wotd.transparent.com/mandarin-chinese/level-1/sound/cool-word.mp3,http://wotd.transparent.com/mandarin-chinese/level-1/sound/cool-phrase.mp3
暖和,nuǎnhuo,warm,今天很暖和。,Jīntiān hěn nuǎnhuo.,It's warm today.,http://wotd.transparent.com/mandarin-chinese/level-1/sound/warm-word.mp3,http://wotd.transparent.com/mandarin-chinese/level-1/sound/warm-phrase.mp3
冬天,dōngtiān,winter,这儿冬天有雪吗？,Zhèr dōngtiān yǒu xuě ma?,Is there snow in winter here?,http://wotd.transparent.com/mandarin-chinese/level-1/sound/winter-word.mp3,http://wotd.transparent.com/mandarin-chinese/level-1/sound/winter-phrase.mp3
秋天,qiūtiān,autumn,中国秋天很美。,Zhōngguó qiūtiān hěn měi.,Autumn is beautiful in China.,http://wotd.transparent.com/mandarin-chinese/level-1/sound/autumn-word.mp3,http://wotd.transparent.com/mandarin-chinese/level-1/sound/autumn-phrase.mp3
夏天,xiàtiān,summer,北京夏天不热。,Běijīng xiàtiān bú rè.,It is not hot in summer in Beijing.,http://wotd.transparent.com/mandarin-chinese/level-1/sound/summer-word.mp3,http://wotd.transparent.com/mandarin-chinese/level-1/sound/summer-phrase.mp3
春天,chūntiān,spring,春天花都开了。,Chūntiān huā dōu kāi le.,The spring flowers are all blossoming.,http://wotd.transparent.com/mandarin-chinese/level-1/sound/spring-word.mp3,http://wotd.transparent.com/mandarin-chinese/level-1/sound/spring-phrase.mp3
冷,lěng,cold,这儿冬天很冷。,Zhèr dōngtiān hěn lěng.,Winter here is cold.,http://wotd.transparent.com/mandarin-chinese/level-1/sound/cold-word.mp3,http://wotd.transparent.com/mandarin-chinese/level-1/sound/cold-phrase.mp3
想,xiǎng,"to miss, to think",我想我妈妈。,Wǒ xiǎng wǒ māma.,I miss my mother.,http://wotd.transparent.com/mandarin-chinese/level-1/sound/to-miss-word.mp3,http://wotd.transparent.com/mandarin-chinese/level-1/sound/to-miss-phrase.mp3
像,xiàng,to resemble,这孩子像他爸爸。,Zhè háizi xiàng tā bàba.,This child resembles his father.,http://wotd.transparent.com/mandarin-chinese/level-1/sound/to-resemble-word.mp3,http://wotd.transparent.com/mandarin-chinese/level-1/sound/to-resemble-phrase.mp3
头,tóu,head,我头疼。,Wǒ tóuténg.,I have a headache.,http://wotd.transparent.com/mandarin-chinese/level-1/sound/head-word.mp3,http://wotd.transparent.com/mandarin-chinese/level-1/sound/head-phrase.mp3
锻炼,duànliàn,to exercise,年轻人也要锻炼。,Niánqīngrén yě yào duànliàn.,Young people also need to exercise.,http://wotd.transparent.com/mandarin-chinese/level-1/sound/to-exercise-word.mp3,http://wotd.transparent.com/mandarin-chinese/level-1/sound/to-exercise-phrase.mp3
每,měi,every,每个学生都有书。,Měi gè xuésheng dōu yǒu shū.,Every student has a book.,http://wotd.transparent.com/mandarin-chinese/level-1/sound/every-word.mp3,http://wotd.transparent.com/mandarin-chinese/level-1/sound/every-phrase.mp3
每,měi,every,每个学生都有书。,Měi gè xuésheng dōu yǒu shū.,Every student has a book.,http://wotd.transparent.com/mandarin-chinese/level-1/sound/every-word.mp3,http://wotd.transparent.com/mandarin-chinese/level-1/sound/every-phrase.mp3
身体,shēntǐ,body,他每天锻炼身体。,Tā měitiān duànliàn shēntǐ.,He exercises his body every day.,http://wotd.transparent.com/mandarin-chinese/level-1/sound/body-word.mp3,http://wotd.transparent.com/mandarin-chinese/level-1/sound/body-phrase.mp3
表,biǎo,watch,你的表有一点儿快。,Nǐ de biǎo yǒu yīdiǎněr kuài.,Your watch is a little bit fast.,http://wotd.transparent.com/mandarin-chinese/level-1/sound/watch-word.mp3,http://wotd.transparent.com/mandarin-chinese/level-1/sound/watch-phrase.mp3
容易,róngyì,easy,成功不容易。,Chénggōng bù róngyì.,To succeed is not easy.,http://wotd.transparent.com/mandarin-chinese/level-1/sound/easy-word.mp3,http://wotd.transparent.com/mandarin-chinese/level-1/sound/easy-phrase.mp3
难,nán,difficult,这个字不难写。,Zhè ge zì bù nán xiě.,This character is not difficult to write.,http://wotd.transparent.com/mandarin-chinese/level-1/sound/difficult-word.mp3,http://wotd.transparent.com/mandarin-chinese/level-1/sound/difficult-phrase.mp3
跳舞,tiàowǔ,to dance,她跳舞跳得很好。,Tā tiàowǔ tiào de hěnhao.,She dances very well.,http://wotd.transparent.com/mandarin-chinese/level-1/sound/to-dance-word.mp3,http://wotd.transparent.com/mandarin-chinese/level-1/sound/to-dance-phrase.mp3
唱歌,chànggē,to sing,孩子在唱歌。,Háizi zài chànggē.,The child is singing.,http://wotd.transparent.com/mandarin-chinese/level-1/sound/to-sing-word.mp3,http://wotd.transparent.com/mandarin-chinese/level-1/sound/to-sing-phrase.mp3
吃,chī,to eat,我爱吃烤鸭。,Wǒ ài chī kǎoyā.,I love to eat roast duck.,http://wotd.transparent.com/mandarin-chinese/level-1/sound/to-eat-word.mp3,http://wotd.transparent.com/mandarin-chinese/level-1/sound/to-eat-phrase.mp3
应该,yīnggāi,should,你应该学英语。,Nǐ yīnggāi xué yīngyǔ.,You should study English.,http://wotd.transparent.com/mandarin-chinese/level-1/sound/should-word.mp3,http://wotd.transparent.com/mandarin-chinese/level-1/sound/should-phrase.mp3
起床,qǐchuáng,to get up,他起床起得不早。,Tā qǐchuáng qǐ de bù zǎo.,He does not get up early.,http://wotd.transparent.com/mandarin-chinese/level-1/sound/to-get-up-word.mp3,http://wotd.transparent.com/mandarin-chinese/level-1/sound/to-get-up-phrase.mp3
睡觉,shuìjiào,to sleep,我很晚睡觉。,Wǒ hěn wǎn shuìjiào.,I sleep very late.,http://wotd.transparent.com/mandarin-chinese/level-1/sound/to-sleep-word.mp3,http://wotd.transparent.com/mandarin-chinese/level-1/sound/to-sleep-phrase.mp3
字,zì,character,我认识一百个字。,Wǒ rènshi yībǎi gè zì.,I recognize one hundred characters.,http://wotd.transparent.com/mandarin-chinese/level-1/sound/character-word.mp3,http://wotd.transparent.com/mandarin-chinese/level-1/sound/character-phrase.mp3
写,xiě,to write,我不会写汉字。,Wǒ búhuì xiě hànzì.,I can not write Chinese characters.,http://wotd.transparent.com/mandarin-chinese/level-1/sound/to-write-word.mp3,http://wotd.transparent.com/mandarin-chinese/level-1/sound/to-write-phrase.mp3
船,chuán,"ship, boat",河上有一只小船。,Héshàng yǒu yī zhī xiǎo chuán.,There is a little boat on the river.,http://wotd.transparent.com/mandarin-chinese/level-1/sound/ship-word.mp3,http://wotd.transparent.com/mandarin-chinese/level-1/sound/ship-phrase.mp3
飞机,fēijī,airplane,我乘飞机去中国。,Wǒ chéng fēijī qù zhōngguó.,I take an airplane to go to China.,http://wotd.transparent.com/mandarin-chinese/level-1/sound/airplane-word.mp3,http://wotd.transparent.com/mandarin-chinese/level-1/sound/airplane-phrase.mp3
火车,huǒchē,train,你可以坐火车去。,Nǐ kěyǐ zuò huǒchē qù.,You may take the train to go there.,http://wotd.transparent.com/mandarin-chinese/level-1/sound/train-word.mp3,http://wotd.transparent.com/mandarin-chinese/level-1/sound/train-phrase.mp3
东西,dōngxi,"object, thing",我要买很多东西。,Wǒ yào mǎi hěnduō dōngxi.,I want to buy a lot of things.,http://wotd.transparent.com/mandarin-chinese/level-1/sound/object-word.mp3,http://wotd.transparent.com/mandarin-chinese/level-1/sound/object-phrase.mp3
东西,dōngxi,"object, thing",我要买很多东西。,Wǒ yào mǎi hěnduō dōngxi.,I want to buy a lot of things.,http://wotd.transparent.com/mandarin-chinese/level-1/sound/object-word.mp3,http://wotd.transparent.com/mandarin-chinese/level-1/sound/object-phrase.mp3
南边,nánbiān,south,纽约在波士顿南边。,Niǔyuē zài bōshìdùn nánbiān.,New York is to the south of Boston.,http://wotd.transparent.com/mandarin-chinese/level-1/sound/south-word.mp3,http://wotd.transparent.com/mandarin-chinese/level-1/sound/south-phrase.mp3
西方,xīfāng,western,我喜欢西方音乐。,Wǒ xǐhuān xīfāng yīnyuè.,I like western music.,http://wotd.transparent.com/mandarin-chinese/level-1/sound/western-word.mp3,http://wotd.transparent.com/mandarin-chinese/level-1/sound/western-phrase.mp3
东边,dōngbiān,east,太阳从东边升起。,Tàiyang cóng dōngbiān shēngqǐ.,The sun rises from the east.,http://wotd.transparent.com/mandarin-chinese/level-1/sound/east-word.mp3,http://wotd.transparent.com/mandarin-chinese/level-1/sound/east-phrase.mp3
为什么,wèishénme,why,你为什么不学开车？,Nǐ wèishénme bùxué kāichē?,Why don't you learn to drive?,http://wotd.transparent.com/mandarin-chinese/level-1/sound/why-word.mp3,http://wotd.transparent.com/mandarin-chinese/level-1/sound/why-phrase.mp3
女儿,nǚer,daughter,我女儿还很小。,Wǒ nǚér hái hěn xiǎo.,My daughter is still young.,http://wotd.transparent.com/mandarin-chinese/level-1/sound/daughter-word.mp3,http://wotd.transparent.com/mandarin-chinese/level-1/sound/daughter-phrase.mp3
到,dào,to arrive,火车到了。,Huǒchē dào le.,The train has arrived.,http://wotd.transparent.com/mandarin-chinese/level-1/sound/to-arrive-word.mp3,http://wotd.transparent.com/mandarin-chinese/level-1/sound/to-arrive-phrase.mp3
小费,xiǎofèi,tip; gratuity,中国的服务员不习惯收小费。,Zhōngguó de fúwùyuán bù xíguàn shōu xiǎofèi.,Chinese service people are not used to receiving tips.,http://wotd.transparent.com/mandarin-chinese/level-1/sound/tip-word.mp3,http://wotd.transparent.com/mandarin-chinese/level-1/sound/tip-phrase.mp3
会,huì,to be able to; can,我会说汉语。,Wǒ huì shuō hànyǔ.,I can speak Chinese.,http://wotd.transparent.com/mandarin-chinese/level-1/sound/to-be-able-to-word.mp3,http://wotd.transparent.com/mandarin-chinese/level-1/sound/to-be-able-to-phrase.mp3
找,zhǎo,to look for,我要找一本汉英词典。,Wǒ yào zhǎo yī běn hànyīng cídiǎn.,I am looking for a Chinese-English dictionary.,http://wotd.transparent.com/mandarin-chinese/level-1/sound/to-look-for-word.mp3,http://wotd.transparent.com/mandarin-chinese/level-1/sound/to-look-for-phrase.mp3
词典,cídiǎn,dictionary,我用词典学汉语。,Wǒ yòng cídiǎn xué hànyǔ.,I use the dictionary to study Chinese.,http://wotd.transparent.com/mandarin-chinese/level-1/sound/dictionary-word.mp3,http://wotd.transparent.com/mandarin-chinese/level-1/sound/dictionary-phrase.mp3
便宜,piányi,cheap,这件衣服又便宜又好。,Zhè jiàn yīfu yòu piányi yòu hǎo.,This outfit is good and inexpensive.,http://wotd.transparent.com/mandarin-chinese/level-1/sound/cheap-word.mp3,http://wotd.transparent.com/mandarin-chinese/level-1/sound/cheap-phrase.mp3
笔,bǐ,pen,这支笔好写。,Zhè zhī bǐ hǎoxiě.,This pen is good to write with.,http://wotd.transparent.com/mandarin-chinese/level-1/sound/pen-word.mp3,http://wotd.transparent.com/mandarin-chinese/level-1/sound/pen-phrase.mp3
礼物,lǐwù,gift,你的圣诞礼物是什么？,Nǐ de shèngdàn lǐwù shì shénme?,What is your Christmas gift?,http://wotd.transparent.com/mandarin-chinese/level-1/sound/gift-word.mp3,http://wotd.transparent.com/mandarin-chinese/level-1/sound/gift-phrase.mp3
送,sòng,to give,他送我一本书。,Tā sòng wǒ yī běn shū.,He gave me a book.,http://wotd.transparent.com/mandarin-chinese/level-1/sound/to-give-word.mp3,http://wotd.transparent.com/mandarin-chinese/level-1/sound/to-give-phrase.mp3
送,sòng,to give,他送我一本书。,Tā sòng wǒ yī běn shū.,He gave me a book.,http://wotd.transparent.com/mandarin-chinese/level-1/sound/to-give-word.mp3,http://wotd.transparent.com/mandarin-chinese/level-1/sound/to-give-phrase.mp3
橘子,júzi,orange,中国橘子很甜。,Zhōngguó júzi hěn tián.,Chinese oranges are very sweet.,http://wotd.transparent.com/mandarin-chinese/level-1/sound/orange-word.mp3,http://wotd.transparent.com/mandarin-chinese/level-1/sound/orange-phrase.mp3
苹果,píngguǒ,apple,我一天吃一个苹果。,Wǒ yī tiān chī yí gè píngguǒ.,I eat an apple a day.,http://wotd.transparent.com/mandarin-chinese/level-1/sound/apple-word.mp3,http://wotd.transparent.com/mandarin-chinese/level-1/sound/apple-phrase.mp3
书,shū,book,他坐车常看书。,Tā zuòchē cháng kànshū.,He often reads books while taking the bus.,http://wotd.transparent.com/mandarin-chinese/level-1/sound/book-word.mp3,http://wotd.transparent.com/mandarin-chinese/level-1/sound/book-phrase.mp3
报纸,bào zhǐ,newspaper,我要看今天的报纸。,Wǒ yào kàn jīntiān de bào zhǐ.,I want to read today's newspaper.,http://wotd.transparent.com/mandarin-chinese/level-1/sound/newspaper-word.mp3,http://wotd.transparent.com/mandarin-chinese/level-1/sound/newspaper-phrase.mp3
有名,yǒumíng,famous,他的书很有名。,Tāde shū hěn yǒumíng.,His book is famous.,http://wotd.transparent.com/mandarin-chinese/level-1/sound/famous-word.mp3,http://wotd.transparent.com/mandarin-chinese/level-1/sound/famous-phrase.mp3
商店,shāngdiàn,"shop, store",这儿有很多商店。,Zhèr yǒu hěn duō shāngdiàn.,There are many stores here.,http://wotd.transparent.com/mandarin-chinese/level-1/sound/shop-word.mp3,http://wotd.transparent.com/mandarin-chinese/level-1/sound/shop-phrase.mp3
商店,shāngdiàn,"shop, store",这儿有很多商店。,Zhèr yǒu hěn duō shāngdiàn.,There are many stores here.,http://wotd.transparent.com/mandarin-chinese/level-1/sound/shop-word.mp3,http://wotd.transparent.com/mandarin-chinese/level-1/sound/shop-phrase.mp3
面包,miànbāo,"bread, roll",我每天都吃面包。,Wǒ měitiān dōu chī miànbāo.,I eat bread every day.,http://wotd.transparent.com/mandarin-chinese/level-1/sound/bread-word.mp3,http://wotd.transparent.com/mandarin-chinese/level-1/sound/bread-phrase.mp3
啤酒,píjiǔ,beer,我们喝了三瓶啤酒。,Wǒmen hē le sānpíng píjiǔ.,We drank three bottles of beer.,http://wotd.transparent.com/mandarin-chinese/level-1/sound/beer-word.mp3,http://wotd.transparent.com/mandarin-chinese/level-1/sound/beer-phrase.mp3
啤酒,píjiǔ,beer,我们喝了三瓶啤酒。,Wǒmen hē le sānpíng píjiǔ.,We drank three bottles of beer.,http://wotd.transparent.com/mandarin-chinese/level-1/sound/beer-word.mp3,http://wotd.transparent.com/mandarin-chinese/level-1/sound/beer-phrase.mp3
中餐,zhōngcān,Chinese food,我喜欢中餐。,Wǒ xǐhuān zhōngcān.,I like Chinese food.,http://wotd.transparent.com/mandarin-chinese/level-1/sound/Chinese-food-word.mp3,http://wotd.transparent.com/mandarin-chinese/level-1/sound/Chinese-food-phrase.mp3
中餐,zhōngcān,Chinese food,我喜欢中餐。,Wǒ xǐhuān zhōngcān.,I like Chinese food.,http://wotd.transparent.com/mandarin-chinese/level-1/sound/Chinese-food-word.mp3,http://wotd.transparent.com/mandarin-chinese/level-1/sound/Chinese-food-phrase.mp3
红,hóng,red,这红花很美。,Zhè hónghuā hěnměi.,This red flower is very pretty.,http://wotd.transparent.com/mandarin-chinese/level-1/sound/red-word.mp3,http://wotd.transparent.com/mandarin-chinese/level-1/sound/red-phrase.mp3
葡萄酒,pútáojiǔ,grape wine,我只喝葡萄酒。,Wǒ zhǐ hē pútaojiǔ.,I only drink grape wine.,http://wotd.transparent.com/mandarin-chinese/level-1/sound/grape-wine-word.mp3,http://wotd.transparent.com/mandarin-chinese/level-1/sound/grape-wine-phrase.mp3
葡萄酒,pútáojiǔ,grape wine,我只喝葡萄酒。,Wǒ zhǐ hē pútaojiǔ.,I only drink grape wine.,http://wotd.transparent.com/mandarin-chinese/level-1/sound/grape-wine-word.mp3,http://wotd.transparent.com/mandarin-chinese/level-1/sound/grape-wine-phrase.mp3
参加,cānjiā,to participate,请参加我们的晚会。,Qǐng cānjiā wǒmen de wǎnhuì.,Please join our party.,http://wotd.transparent.com/mandarin-chinese/level-1/sound/to-participate-word.mp3,http://wotd.transparent.com/mandarin-chinese/level-1/sound/to-participate-phrase.mp3
快乐,kuàilè,happy,祝你生日快乐！,Zhù nǐ shēngrì kuàilè!,Wishing you a happy birthday!,http://wotd.transparent.com/mandarin-chinese/level-1/sound/happy2-word.mp3,http://wotd.transparent.com/mandarin-chinese/level-1/sound/happy2-phrase.mp3
祝贺,zhùhè,to congratulate,朋友们祝贺我了。,Péngyoumen zhùhè wǒ le.,My friends all congratulated me.,http://wotd.transparent.com/mandarin-chinese/level-1/sound/to-congratulate-word.mp3,http://wotd.transparent.com/mandarin-chinese/level-1/sound/to-congratulate-phrase.mp3
生日,shēngrì,birthday,你的生日是哪天?,Nǐ de shēngrì shì nǎtiān?,When is your birthday?,http://wotd.transparent.com/mandarin-chinese/level-1/sound/birthday-word.mp3,http://wotd.transparent.com/mandarin-chinese/level-1/sound/birthday-phrase.mp3
怎么样,zěnmeyàng,how,你的汉语怎么样？,Nǐ de hànyǔ zěnmeyàng?,How is your Chinese?,http://wotd.transparent.com/mandarin-chinese/level-1/sound/how-word.mp3,http://wotd.transparent.com/mandarin-chinese/level-1/sound/how-phrase.mp3
去年,qùnián,last year,去年我毕业了。,Qùnián wǒ bīyè le.,I graduated last year.,http://wotd.transparent.com/mandarin-chinese/level-1/sound/last-year-word.mp3,http://wotd.transparent.com/mandarin-chinese/level-1/sound/last-year-phrase.mp3
明年,míngnián,next year,明年我要回中国。,Míngnián wǒ yào huí zhōngguó.,I'll go back to China next year.,http://wotd.transparent.com/mandarin-chinese/level-1/sound/next-year-word.mp3,http://wotd.transparent.com/mandarin-chinese/level-1/sound/next-year-phrase.mp3
今年,jīnnián,this year,今年春天很短。,Jīnnián chūntiān hěn duǎn.,This year spring is short.,http://wotd.transparent.com/mandarin-chinese/level-1/sound/this-year-word.mp3,http://wotd.transparent.com/mandarin-chinese/level-1/sound/this-year-phrase.mp3
今年,jīnnián,this year,今年春天很短。,Jīnnián chūntiān hěn duǎn.,This year spring is short.,http://wotd.transparent.com/mandarin-chinese/level-1/sound/this-year-word.mp3,http://wotd.transparent.com/mandarin-chinese/level-1/sound/this-year-phrase.mp3
主任,zhǔrèn,director,公司的主任在开会。,Gōngsī de zhǔrèn zài kāihuì.,The directors of this company are having a meeting.,http://wotd.transparent.com/mandarin-chinese/level-1/sound/director-word.mp3,http://wotd.transparent.com/mandarin-chinese/level-1/sound/director-phrase.mp3
百,bǎi,hundred,一百个人要参加聚会。,Yī bǎi gè rén yào cānjiā jùhuì.,One hundred people will participate in the meeting.,http://wotd.transparent.com/mandarin-chinese/level-1/sound/hundred-word.mp3,http://wotd.transparent.com/mandarin-chinese/level-1/sound/hundred-phrase.mp3
孩子,háizi,child,他的孩子还小。,Tā de háizi hái xiǎo.,His child is still young.,http://wotd.transparent.com/mandarin-chinese/level-1/sound/child-word.mp3,http://wotd.transparent.com/mandarin-chinese/level-1/sound/child-phrase.mp3
车,chē,car,你有车吗？,Nǐ yǒu chē ma?,Do you have a car?,http://wotd.transparent.com/mandarin-chinese/level-1/sound/car-word.mp3,http://wotd.transparent.com/mandarin-chinese/level-1/sound/car-phrase.mp3
汉语,hànyǔ,Chinese,汉语不难学。,Hànyǔ bù nán xué.,Chinese is not difficult to study.,http://wotd.transparent.com/mandarin-chinese/level-1/sound/Chinese-word.mp3,http://wotd.transparent.com/mandarin-chinese/level-1/sound/Chinese-phrase.mp3
汉语,hànyǔ,Chinese,汉语不难学。,Hànyǔ bù nán xué.,Chinese is not difficult to study.,http://wotd.transparent.com/mandarin-chinese/level-1/sound/Chinese-word.mp3,http://wotd.transparent.com/mandarin-chinese/level-1/sound/Chinese-phrase.mp3
外语,wàiyǔ,foreign language,很多学生学外语。,Hěnduō xuéshēng xué wàiyǔ.,Many students study foreign languages.,http://wotd.transparent.com/mandarin-chinese/level-1/sound/foreign-language-word.mp3,http://wotd.transparent.com/mandarin-chinese/level-1/sound/foreign-language-phrase.mp3
喜欢,xǐhuān,to like,猫喜欢吃鱼。,Māo xǐhuan chī yú.,Cats like to eat fish.,http://wotd.transparent.com/mandarin-chinese/level-1/sound/to-like-word.mp3,http://wotd.transparent.com/mandarin-chinese/level-1/sound/to-like-phrase.mp3
真,zhēn,really,今天真热。,Jīntiān zhēn rè.,It is really hot today.,http://wotd.transparent.com/mandarin-chinese/level-1/sound/really-word.mp3,http://wotd.transparent.com/mandarin-chinese/level-1/sound/really-phrase.mp3
工作,gōngzuò,to work,我高高兴兴地工作。,Wǒ gāogāoxìngxìng de gōngzuò.,I work happily.,http://wotd.transparent.com/mandarin-chinese/level-1/sound/to-work-word.mp3,http://wotd.transparent.com/mandarin-chinese/level-1/sound/to-work-phrase.mp3
做,zuò,to do,我有很多事要做。,Wǒ yǒu hěnduō shì yào zuò.,I have many things to do.,http://wotd.transparent.com/mandarin-chinese/level-1/sound/to-do-word.mp3,http://wotd.transparent.com/mandarin-chinese/level-1/sound/to-do-phrase.mp3
可爱,kěài,"cute, lovely",这些孩子很可爱。,Zhèxiē háizi hěn kěài.,These children are very lovely.,http://wotd.transparent.com/mandarin-chinese/level-1/sound/cute-word.mp3,http://wotd.transparent.com/mandarin-chinese/level-1/sound/cute-phrase.mp3
猫,māo,cat,这只小猫是黑的。,Zhè zhī xiǎomāo shì hēide.,This little cat is black.,http://wotd.transparent.com/mandarin-chinese/level-1/sound/cat-word.mp3,http://wotd.transparent.com/mandarin-chinese/level-1/sound/cat-phrase.mp3
狗,gǒu,dog,他家有一条狗。,Tā jiā yǒu yìtiáo gǒu.,His family has a dog.,http://wotd.transparent.com/mandarin-chinese/level-1/sound/dog-word.mp3,http://wotd.transparent.com/mandarin-chinese/level-1/sound/dog-phrase.mp3
妹妹,mèimei,younger sister,我妹妹比我小三岁。,Wǒ mèimei bǐ wǒ xiǎo sān suì.,My younger sister is three years younger than I.,http://wotd.transparent.com/mandarin-chinese/level-1/sound/younger-sister-word.mp3,http://wotd.transparent.com/mandarin-chinese/level-1/sound/younger-sister-phrase.mp3
姐姐,jiějie,older sister,我有一个姐姐。,Wǒ yǒu yí gè jiějie.,I have an older sister.,http://wotd.transparent.com/mandarin-chinese/level-1/sound/older-sister-word.mp3,http://wotd.transparent.com/mandarin-chinese/level-1/sound/older-sister-phrase.mp3
和,hé,and,哥哥和弟弟都学汉语。,Gēge hé dìdi dōu xué hànyǔ.,My older and younger brothers both study Chinese.,http://wotd.transparent.com/mandarin-chinese/level-1/sound/and-word.mp3,http://wotd.transparent.com/mandarin-chinese/level-1/sound/and-phrase.mp3
照片,zhàopiàn,picture,这是我家的照片。,Zhè shì wǒjiā de zhàopiàn.,This is the picture of my family.,http://wotd.transparent.com/mandarin-chinese/level-1/sound/picture-word.mp3,http://wotd.transparent.com/mandarin-chinese/level-1/sound/picture-phrase.mp3
付款,fùkuǎn,to pay bills,我们吃完饭爸爸就付款。,Wǒmén chīwán fàn bàba jiù fùkuǎn.,Dad will pay the bill after we finish eating.,http://wotd.transparent.com/mandarin-chinese/level-1/sound/to-pay-bills-word.mp3,http://wotd.transparent.com/mandarin-chinese/level-1/sound/to-pay-bills-phrase.mp3
付款,fùkuǎn,to pay bills,我们吃完饭爸爸就付款。,Wǒmén chīwán fàn bàba jiù fùkuǎn.,Dad will pay the bill after we finish eating.,http://wotd.transparent.com/mandarin-chinese/level-1/sound/to-pay-bills-word.mp3,http://wotd.transparent.com/mandarin-chinese/level-1/sound/to-pay-bills-phrase.mp3
家,jiā,"family, home",我们家在纽约。,Wǒmén jiā zài niǔyuē.,My family lives in New York.,http://wotd.transparent.com/mandarin-chinese/level-1/sound/family-word.mp3,http://wotd.transparent.com/mandarin-chinese/level-1/sound/family-phrase.mp3
计算,jìsuàn,to calculate,他要计算一下他的收入。,Tā yào jìsuàn yíxià tā de shǒurù.,He wants to calculate his income.,http://wotd.transparent.com/mandarin-chinese/level-1/sound/to-calculate-word.mp3,http://wotd.transparent.com/mandarin-chinese/level-1/sound/to-calculate-phrase.mp3
小学,xiǎoxué,primary school,小学生也有作业。,Xiǎoxuéshēng yěyǒu zuòyè.,Primary school students also have homework.,http://wotd.transparent.com/mandarin-chinese/level-1/sound/primary-school-word.mp3,http://wotd.transparent.com/mandarin-chinese/level-1/sound/primary-school-phrase.mp3
中学,zhōngxué,middle school,我弟弟上中学。,Wǒ dìdi shàng zhōngxué.,My younger brother is in middle school.,http://wotd.transparent.com/mandarin-chinese/level-1/sound/middle-school-word.mp3,http://wotd.transparent.com/mandarin-chinese/level-1/sound/middle-school-phrase.mp3
教育,jiàoyù,education,美国的大学教育很好。,Měiguó dàxué jiàoyù hěnhao.,American higher education is good.,http://wotd.transparent.com/mandarin-chinese/level-1/sound/education-word.mp3,http://wotd.transparent.com/mandarin-chinese/level-1/sound/education-phrase.mp3
物理,wùlǐ,physics,我在中学学了物理。,Wǒ zài zhōngxué xué le wùlǐ.,I studied physics in middle school.,http://wotd.transparent.com/mandarin-chinese/level-1/sound/physics-word.mp3,http://wotd.transparent.com/mandarin-chinese/level-1/sound/physics-phrase.mp3
数学,shùxué,mathematics,我的数学很好。,Wǒ de shùxué hěnhǎo.,I am good at mathematics.,http://wotd.transparent.com/mandarin-chinese/level-1/sound/mathematics-word.mp3,http://wotd.transparent.com/mandarin-chinese/level-1/sound/mathematics-phrase.mp3
音乐,yīnyuè,music,我常听古典音乐。,Wǒ cháng tīng gǔdiǎn yīnyuè.,I often listen to classical music.,http://wotd.transparent.com/mandarin-chinese/level-1/sound/music-word.mp3,http://wotd.transparent.com/mandarin-chinese/level-1/sound/music-phrase.mp3
哲学,zhéxué,philosophy,我学习古代哲学。,Wǒ xuéxí gǔdài zhéxué.,I study classical philosophy.,http://wotd.transparent.com/mandarin-chinese/level-1/sound/philosophy-word.mp3,http://wotd.transparent.com/mandarin-chinese/level-1/sound/philosophy-phrase.mp3
历史,lìshǐ,history,中国历史很长。,Zhōngguó lìshǐ hěn cháng.,China has a long history.,http://wotd.transparent.com/mandarin-chinese/level-1/sound/history-word.mp3,http://wotd.transparent.com/mandarin-chinese/level-1/sound/history-phrase.mp3
文化,wénhuà,culture,我喜欢美国文化。,Wǒ xǐhuān měiguó wénhuà.,I like American culture.,http://wotd.transparent.com/mandarin-chinese/level-1/sound/culture-word.mp3,http://wotd.transparent.com/mandarin-chinese/level-1/sound/culture-phrase.mp3
专业,zhuānyè,major,你的专业是什么？,Nǐ de zhuānyè shì shénme?,What is your major?,http://wotd.transparent.com/mandarin-chinese/level-1/sound/major-word.mp3,http://wotd.transparent.com/mandarin-chinese/level-1/sound/major-phrase.mp3
电脑,diànnǎo,computer,我弟弟喜欢玩电脑。,Wǒ dìdi xǐhuān wán diànnǎo.,My younger brother likes to play on the computer.,http://wotd.transparent.com/mandarin-chinese/level-1/sound/computer-word.mp3,http://wotd.transparent.com/mandarin-chinese/level-1/sound/computer-phrase.mp3
电脑,diànnǎo,computer,我弟弟喜欢玩电脑。,Wǒ dìdi xǐhuān wán diànnǎo.,My younger brother likes to play on the computer.,http://wotd.transparent.com/mandarin-chinese/level-1/sound/computer-word.mp3,http://wotd.transparent.com/mandarin-chinese/level-1/sound/computer-phrase.mp3
律师,lǜshī,lawyer,我想当律师。,Wǒ xiǎng dāng lǜshī.,I want to be a lawyer.,http://wotd.transparent.com/mandarin-chinese/level-1/sound/00454_chinese_sound_3.mp3,http://wotd.transparent.com/mandarin-chinese/level-1/sound/00456_chinese_sound_3.mp3
教授,jiàoshòu,professor,他是数学教授。,Tā shì shùxué jiaòshòu.,He is a mathematics professor.,http://wotd.transparent.com/mandarin-chinese/level-1/sound/00446_chinese_sound_3.mp3,http://wotd.transparent.com/mandarin-chinese/level-1/sound/00448_chinese_sound_3.mp3
老师,lǎoshī,teacher,我的老师都很好。,Wǒ de lǎoshī dōu hěn hǎo.,My teachers are all very good.,http://wotd.transparent.com/mandarin-chinese/level-1/sound/00438_chinese_sound_3.mp3,http://wotd.transparent.com/mandarin-chinese/level-1/sound/00440_chinese_sound_3.mp3
护士,hùshi,nurse,我姐姐是护士。,Wǒ jiějie shì hùshi.,My older sister is a nurse.,http://wotd.transparent.com/mandarin-chinese/level-1/sound/00430_chinese_sound_3.mp3,http://wotd.transparent.com/mandarin-chinese/level-1/sound/00432_chinese_sound_3.mp3
医生,yīshēng,doctor,她妈妈是医生。,Tā māma shì yīshēng.,Her mother is a doctor.,http://wotd.transparent.com/mandarin-chinese/level-1/sound/00422_chinese_sound_3.mp3,http://wotd.transparent.com/mandarin-chinese/level-1/sound/00424_chinese_sound_3.mp3
鞋子,xiézi,shoe,这双鞋子很合适。,Zhèshuāng xiézi hěn héshì.,These shoes fit me well.,http://wotd.transparent.com/mandarin-chinese/level-1/sound/00414_chinese_sound_3.mp3,http://wotd.transparent.com/mandarin-chinese/level-1/sound/00416_chinese_sound_3.mp3
名片,míngpiàn,business card,这是我的名片。,Zhè shì wǒ de míngpiàn.,This is my business card.,http://wotd.transparent.com/mandarin-chinese/level-1/sound/00406_chinese_sound_3.mp3,http://wotd.transparent.com/mandarin-chinese/level-1/sound/00408_chinese_sound_3.mp3
电影,diànyǐng,movie,我们去看电影吧。,Wǒmen qù kàn diànyǐng ba.,Let's go see a movie.,http://wotd.transparent.com/mandarin-chinese/level-1/sound/00398_chinese_sound_3.mp3,http://wotd.transparent.com/mandarin-chinese/level-1/sound/00400_chinese_sound_3.mp3
关,guān,"to close, turn off",请关灯。,Qǐng guāndēng.,Please turn off the light.,http://wotd.transparent.com/mandarin-chinese/level-1/sound/00394_chinese_sound_3.mp3,http://wotd.transparent.com/mandarin-chinese/level-1/sound/00396_chinese_sound_3.mp3
开车,kāi chē,to drive,我会开车。,Wǒ huì kāi chē.,I know how to drive.,http://wotd.transparent.com/mandarin-chinese/level-1/sound/00390_chinese_sound_3.mp3,http://wotd.transparent.com/mandarin-chinese/level-1/sound/00392_chinese_sound_3.mp3
行,xíng,"to be okay, to suit",明天去，行吗？,"Míngtiān qù, xíngma?","Let's go tomorrow, okay?",http://wotd.transparent.com/mandarin-chinese/level-1/sound/00386_chinese_1.mp3,http://wotd.transparent.com/mandarin-chinese/level-1/sound/00388_chinese_1.mp3
抱歉,bàoqiàn,sorry,抱歉，我不说英语。,"Bàoqiàn, wǒ bù shuō yīngyǔ.","I am sorry, I don't speak English.",http://wotd.transparent.com/mandarin-chinese/level-1/sound/00382_chinese_1.mp3,http://wotd.transparent.com/mandarin-chinese/level-1/sound/00384_chinese_1.mp3
说,shuō,"to speak, say",你说英语吗？,Nǐ shuō yīngyǔ ma?,Do you speak English?,http://wotd.transparent.com/mandarin-chinese/level-1/sound/00378_chinese_1.mp3,http://wotd.transparent.com/mandarin-chinese/level-1/sound/00380_chinese_1.mp3
没有,méiyǒu,to not have,我没有妹妹。,Wǒ méiyǒu mèimei.,I don't have a younger sister.,http://wotd.transparent.com/mandarin-chinese/level-1/sound/00374_chinese_1.mp3,http://wotd.transparent.com/mandarin-chinese/level-1/sound/00376_chinese_1.mp3
十二月,shíèryuè,December,圣诞节在十二月。,Shèngdànjié zài shíèr yuè.,Christmas is in December.,http://wotd.transparent.com/mandarin-chinese/level-1/sound/00366_chinese_1.mp3,http://wotd.transparent.com/mandarin-chinese/level-1/sound/00368_chinese_1.mp3
一月,yīyuè,January,一月一号是新年。,Yīyuè yīhào shì xīnnián.,January the first is New Year's Day.,http://wotd.transparent.com/mandarin-chinese/level-1/sound/00358_chinese_1.mp3,http://wotd.transparent.com/mandarin-chinese/level-1/sound/00360_chinese_1.mp3
一月,yīyuè,January,一月一号是新年。,Yīyuè yīhào shì xīnnián.,January the first is New Year's Day.,http://wotd.transparent.com/mandarin-chinese/level-1/sound/00358_chinese_1.mp3,http://wotd.transparent.com/mandarin-chinese/level-1/sound/00360_chinese_1.mp3
星期一,xīngqīyī,Monday,星期一我最忙。,Xīngqīyī wǒ zuì máng.,I am busiest on Monday.,http://wotd.transparent.com/mandarin-chinese/level-1/sound/00342_chinese_1.mp3,http://wotd.transparent.com/mandarin-chinese/level-1/sound/00344_chinese_1.mp3
星期天,xīngqītiān,Sunday,星期天我休息。,Xīngqītiān wǒ xiūxi.,I rest on Sunday.,http://wotd.transparent.com/mandarin-chinese/level-1/sound/00334_chinese_1.mp3,http://wotd.transparent.com/mandarin-chinese/level-1/sound/00336_chinese_1.mp3
星期天,xīngqītiān,Sunday,星期天我休息。,Xīngqītiān wǒ xiūxi.,I rest on Sunday.,http://wotd.transparent.com/mandarin-chinese/level-1/sound/00334_chinese_1.mp3,http://wotd.transparent.com/mandarin-chinese/level-1/sound/00336_chinese_1.mp3
现在,xiànzài,now,现在去，好不好？,"Xiànzài qù, hǎobùhǎo?","Let's go now, okay?",http://wotd.transparent.com/mandarin-chinese/level-1/sound/00322_chinese_1.mp3,http://wotd.transparent.com/mandarin-chinese/level-1/sound/00324_chinese_1.mp3
时间,shíjiān,free time,今天我没有时间。,Jīntiān wǒ méiyǒu shíjiān.,I don't have time today.,http://wotd.transparent.com/mandarin-chinese/level-1/sound/00316_chinese_1.mp3,http://wotd.transparent.com/mandarin-chinese/level-1/sound/00318_chinese_1.mp3
时间,shíjiān,free time,今天我没有时间。,Jīntiān wǒ méiyǒu shíjiān.,I don't have time today.,http://wotd.transparent.com/mandarin-chinese/level-1/sound/00316_chinese_1.mp3,http://wotd.transparent.com/mandarin-chinese/level-1/sound/00318_chinese_1.mp3
天气,tiānqì,weather,今天天气很好。,Jīntiān tiānqì hěnhǎo.,The weather is good today.,http://wotd.transparent.com/mandarin-chinese/level-1/sound/00300_chinese_1.mp3,http://wotd.transparent.com/mandarin-chinese/level-1/sound/00302_chinese_1.mp3
天气,tiānqì,weather,今天天气很好。,Jīntiān tiānqì hěnhǎo.,The weather is good today.,http://wotd.transparent.com/mandarin-chinese/level-1/sound/00300_chinese_1.mp3,http://wotd.transparent.com/mandarin-chinese/level-1/sound/00302_chinese_1.mp3
昨天,zuótiān,yesterday,昨天下了大雨。,Zuótiān xiàle dàyǔ.,Yesterday it rained heavily.,http://wotd.transparent.com/mandarin-chinese/level-1/sound/00292_chinese_1.mp3,http://wotd.transparent.com/mandarin-chinese/level-1/sound/00294_chinese_1.mp3
今天,jīntiān,today,今天我有很多事儿。,Jīntiān wǒ yǒu hěnduō shìr.,I have a lot to do today.,http://wotd.transparent.com/mandarin-chinese/level-1/sound/00288_chinese_1.mp3,http://wotd.transparent.com/mandarin-chinese/level-1/sound/00290_chinese_1.mp3
晚饭,wǎnfàn,dinner,晚饭我们吃什么？,Wǎnfàn wǒmen chī shénme?,What will we have for dinner?,http://wotd.transparent.com/mandarin-chinese/level-1/sound/00280_chinese_1.mp3,http://wotd.transparent.com/mandarin-chinese/level-1/sound/00282_chinese_1.mp3
晚上,wǎnshang,evening,晚上我去看电影。,Wǎnshang wǒ qù kàn diànyǐng.,"In the evening, I am going to see a movie.",http://wotd.transparent.com/mandarin-chinese/level-1/sound/00272_chinese_1.mp3,http://wotd.transparent.com/mandarin-chinese/level-1/sound/00274_chinese_1.mp3
中午,zhōngwǔ,noon,中午我要见教授。,Zhōngwǔ wǒ yào jiàn jiàoshòu.,"At noon, I will see my professor.",http://wotd.transparent.com/mandarin-chinese/level-1/sound/00264_chinese_1.mp3,http://wotd.transparent.com/mandarin-chinese/level-1/sound/00266_chinese_1.mp3
下午,xiàwǔ,afternoon,下午我要游泳。,Xiàwǔ wǒ yào yóuyǒng.,I'll go swimming this afternoon.,http://wotd.transparent.com/mandarin-chinese/level-1/sound/00256_chinese_1.mp3,http://wotd.transparent.com/mandarin-chinese/level-1/sound/00258_chinese_1.mp3
上午,shàngwǔ,morning,上午我要去图书馆。,Shàngwǔ wǒ yào qù túshūguǎn.,I need to go to the library this morning.,http://wotd.transparent.com/mandarin-chinese/level-1/sound/00248_chinese_1.mp3,http://wotd.transparent.com/mandarin-chinese/level-1/sound/00250_chinese_1.mp3
早,zǎo,early,明天我要早去。,Míngtiān wǒ yào zǎo qù.,Tomorrow I'll go early.,http://wotd.transparent.com/mandarin-chinese/level-1/sound/00244_chinese_1.mp3,http://wotd.transparent.com/mandarin-chinese/level-1/sound/00246_chinese_1.mp3
晚,wǎn,late,今天我来晚了。,Jīntiān wǒ lái wǎnle.,I am late today.,http://wotd.transparent.com/mandarin-chinese/level-1/sound/00240_chinese_1.mp3,http://wotd.transparent.com/mandarin-chinese/level-1/sound/00242_chinese_1.mp3
电话,diànhuà,telephone,我常给朋友打电话。,Wǒ cháng gěi péngyou dǎdiànhuà.,I often call my friends on the telephone.,http://wotd.transparent.com/mandarin-chinese/level-1/sound/00232_chinese_1.mp3,http://wotd.transparent.com/mandarin-chinese/level-1/sound/00234_chinese_1.mp3
号,hào,number,我没有你的电话号。,Wǒ méiyǒu nǐde diànhuà hào.,I do not have your phone number.,http://wotd.transparent.com/mandarin-chinese/level-1/sound/00224_chinese_1.mp3,http://wotd.transparent.com/mandarin-chinese/level-1/sound/00226_chinese_1.mp3
做饭,zuòfàn,to cook,妈妈做饭做得真好。,Māma zuòfàn zuò de zhēnhǎo.,Mom cooks very well.,http://wotd.transparent.com/mandarin-chinese/level-1/sound/00220_chinese_1.mp3,http://wotd.transparent.com/mandarin-chinese/level-1/sound/00222_chinese_1.mp3
洗澡,xǐzǎo,to take a shower/bath,我每天洗澡。,Wǒ měitiān xǐzǎo.,I take a shower every day.,http://wotd.transparent.com/mandarin-chinese/level-1/sound/00216_chinese_1.mp3,http://wotd.transparent.com/mandarin-chinese/level-1/sound/00218_chinese_1.mp3
再见,zàijiàn,goodbye,她说了再见就上车了。,Tā shuōle zàijiàn jiù shàng chē le.,She said goodbye then got into the car.,http://wotd.transparent.com/mandarin-chinese/level-1/sound/00212_chinese_1.mp3,http://wotd.transparent.com/mandarin-chinese/level-1/sound/00214_chinese_1.mp3
没关系,méiguānxi,no problem,你今天做不完没关系。,Nǐ jīntiān zuòbùwán méi guānxi.,You don't have to finish today.,http://wotd.transparent.com/mandarin-chinese/level-1/sound/00208_chinese_1.mp3,http://wotd.transparent.com/mandarin-chinese/level-1/sound/00210_chinese_1.mp3
对不起,duìbùqǐ,sorry,对不起，我来晚了。,"Duìbùqǐ, wǒ lái wǎnle.","Sorry, I'm late.",http://wotd.transparent.com/mandarin-chinese/level-1/sound/00204_chinese_1.mp3,http://wotd.transparent.com/mandarin-chinese/level-1/sound/00206_chinese_1.mp3
不客气,búkèqi,"you are welcome, it was nothing, don't be so polite",这点儿小事儿，不客气。,"Zhè diǎner xiǎo shìr, búkèqi.","This trivial matter, it was nothing.",http://wotd.transparent.com/mandarin-chinese/level-1/sound/00200_chinese_1.mp3,http://wotd.transparent.com/mandarin-chinese/level-1/sound/00202_chinese_1.mp3
谢谢,xièxie,to thank,你得谢谢他帮助你找工作。,Nǐ děi xièxie tā bāngzhù nǐ zhǎo gōngzuò.,You must thank him for helping you find work.,http://wotd.transparent.com/mandarin-chinese/level-1/sound/to-thank-word.mp3,http://wotd.transparent.com/mandarin-chinese/level-1/sound/to-thank-phrase.mp3
知道,zhīdào,to know,我知道他的名字。,Wǒ zhīdào tāde míngzì.,I know his name.,http://wotd.transparent.com/mandarin-chinese/level-1/sound/to-know-word.mp3,http://wotd.transparent.com/mandarin-chinese/level-1/sound/to-know-phrase.mp3
走,zǒu,to walk,她走路去上班。,Tā zǒulù qù shàngbān.,She walks to work.,http://wotd.transparent.com/mandarin-chinese/level-1/sound/to-walk-word.mp3,http://wotd.transparent.com/mandarin-chinese/level-1/sound/to-walk-phrase.mp3
聪明,cōngming,"clever, intelligent",你的建议很聪明。,Nǐ de jiànyì hěn cōngming.,Your suggestion is very clever.,http://wotd.transparent.com/mandarin-chinese/level-1/sound/clever-word.mp3,http://wotd.transparent.com/mandarin-chinese/level-1/sound/clever-phrase.mp3
坐,zuò,to sit,请坐在这把大椅子上。,Qǐng zuò zài zhè bǎ dà yǐzi shàng.,Please sit in this large chair.,http://wotd.transparent.com/mandarin-chinese/level-1/sound/to-sit-word.mp3,http://wotd.transparent.com/mandarin-chinese/level-1/sound/to-sit-phrase.mp3
大楼,dàlóu,building,他们新建了一座大楼。,Tāmen xīn jiàn le yīzuò dàlóu.,They recently constructed a building.,http://wotd.transparent.com/mandarin-chinese/level-1/sound/building-word.mp3,http://wotd.transparent.com/mandarin-chinese/level-1/sound/building-phrase.mp3
商场,shāngchǎng,shopping mall,我周末去商场买东西。,Wǒ zhōumò qù shāngchǎng mǎi dōngxi.,On the weekend I go to the shopping mall to buy things.,http://wotd.transparent.com/mandarin-chinese/level-1/sound/shopping-mall-word.mp3,http://wotd.transparent.com/mandarin-chinese/level-1/sound/shopping-mall-phrase.mp3
这儿,zhèr,here,你的书在这儿。,Nǐ de shū zài zhèr.,Your book is here.,http://wotd.transparent.com/mandarin-chinese/level-1/sound/here-word.mp3,http://wotd.transparent.com/mandarin-chinese/level-1/sound/here-phrase.mp3
了解,liǎojiě,to understand,我不了解这件事。,Wǒ bù liǎojiě zhèjiàn shì.,I don't understand this matter.,http://wotd.transparent.com/mandarin-chinese/level-1/sound/to-understand-word.mp3,http://wotd.transparent.com/mandarin-chinese/level-1/sound/to-understand-phrase.mp3
请,qǐng,please,请让她先走。,Qǐng ràng tā xiān zǒu .,Please let her go first.,http://wotd.transparent.com/mandarin-chinese/level-1/sound/please-word.mp3,http://wotd.transparent.com/mandarin-chinese/level-1/sound/please-phrase.mp3
请,qǐng,please,请让她先走。,Qǐng ràng tā xiān zǒu .,Please let her go first.,http://wotd.transparent.com/mandarin-chinese/level-1/sound/please-word.mp3,http://wotd.transparent.com/mandarin-chinese/level-1/sound/please-phrase.mp3
进,jìn,to enter,火车进站了。,Huǒchē jìn zhàn le.,The train has entered the station.,http://wotd.transparent.com/mandarin-chinese/level-1/sound/to-enter-word.mp3,http://wotd.transparent.com/mandarin-chinese/level-1/sound/to-enter-phrase.mp3
树,shù,tree,我去坐在树下。,Wǒ qù zuò zài shùxia.,I am going to sit under the tree.,http://wotd.transparent.com/mandarin-chinese/level-1/sound/tree-word.mp3,http://wotd.transparent.com/mandarin-chinese/level-1/sound/tree-phrase.mp3
来,lái,to come,请常来玩儿。,Qǐng cháng lái wáner.,Please come often to play.,http://wotd.transparent.com/mandarin-chinese/level-1/sound/to-come-word.mp3,http://wotd.transparent.com/mandarin-chinese/level-1/sound/to-come-phrase.mp3
可以,kěyǐ,may,你可以借五本书。,Nǐ kěyǐ jiè wǔ běn shū.,You may borrow five books.,http://wotd.transparent.com/mandarin-chinese/level-1/sound/may-word.mp3,http://wotd.transparent.com/mandarin-chinese/level-1/sound/may-phrase.mp3
可以,kěyǐ,may,你可以借五本书。,Nǐ kěyǐ jiè wǔ běn shū.,You may borrow five books.,http://wotd.transparent.com/mandarin-chinese/level-1/sound/may-word.mp3,http://wotd.transparent.com/mandarin-chinese/level-1/sound/may-phrase.mp3
高兴,gāoxìng,happy,工作让我很高兴。,Gōngzuò ràng wǒ hěn gāoxìng.,Working makes me happy.,http://wotd.transparent.com/mandarin-chinese/level-1/sound/happy-word.mp3,http://wotd.transparent.com/mandarin-chinese/level-1/sound/happy-phrase.mp3
茶,chá,tea,喝茶对身体好。,Hēchá duì shēntǐ hǎo.,Drinking tea is good for your health.,http://wotd.transparent.com/mandarin-chinese/level-1/sound/tea-word.mp3,http://wotd.transparent.com/mandarin-chinese/level-1/sound/tea-phrase.mp3
咖啡,kāfēi,coffee,中国人不太喜欢咖啡。,Zhōngguó rén bù tài xǐhuān kāfēi.,The Chinese do not like coffee very much.,http://wotd.transparent.com/mandarin-chinese/level-1/sound/coffee-word.mp3,http://wotd.transparent.com/mandarin-chinese/level-1/sound/coffee-phrase.mp3
喝,hē,to drink,你要喝什么？,Nǐ yào hē shénme?,What do you want to drink?,http://wotd.transparent.com/mandarin-chinese/level-1/sound/to-drink-word.mp3,http://wotd.transparent.com/mandarin-chinese/level-1/sound/to-drink-phrase.mp3
弟弟,dìdi,younger brother,弟弟喜欢游泳。,Dìdi xǐhuān yóuyǒng.,The younger brother likes to swim.,http://wotd.transparent.com/mandarin-chinese/level-1/sound/00040_younger-brother-word.mp3,http://wotd.transparent.com/mandarin-chinese/level-1/sound/00042_younger-brother-phrase.mp3
哥哥,gēge,older brother,哥哥学习很好。,Gēge xuéxí hěnhǎo.,The older brother studies well.,http://wotd.transparent.com/mandarin-chinese/level-1/sound/00032_older-brother-word.mp3,http://wotd.transparent.com/mandarin-chinese/level-1/sound/00034_older-brother-phrase.mp3
朋友,péngyou,friend,我在和朋友打球。,Wǒ zài hé péngyou dǎqiú.,I am playing ball with my friend.,http://wotd.transparent.com/mandarin-chinese/level-1/sound/00024_friend-word.mp3,http://wotd.transparent.com/mandarin-chinese/level-1/sound/00026_friend-phrase.mp3
妈妈,māma,mother,我妈妈教数学。,Wǒ māma jiāo shùxué.,My mother teaches mathematics.,http://wotd.transparent.com/mandarin-chinese/level-1/sound/00016_mother-word.mp3,http://wotd.transparent.com/mandarin-chinese/level-1/sound/00018_mother-phrase.mp3
爸爸,bàba,father,我爸爸是医生。,Wǒ bàba shì yīshēng.,My father is a doctor.,http://wotd.transparent.com/mandarin-chinese/level-1/sound/00008_father-word.mp3,http://wotd.transparent.com/mandarin-chinese/level-1/sound/00010_father-phrase.mp3
忙,máng,busy,他们都非常忙。,Tāmen dōu fēicháng máng.,They are all extremely busy.,http://wotd.transparent.com/mandarin-chinese/level-1/sound/00004_busy-word.mp3,http://wotd.transparent.com/mandarin-chinese/level-1/sound/00006_busy-phrase.mp3
忙,máng,busy,他们都非常忙。,Tāmen dōu fēicháng máng.,They are all extremely busy.,http://wotd.transparent.com/mandarin-chinese/level-1/sound/00004_busy-word.mp3,http://wotd.transparent.com/mandarin-chinese/level-1/sound/00006_busy-phrase.mp3
要,yào,want,他们都要咖啡。,Tāmen dōu yào kāfēi.,They all want coffee.,http://wotd.transparent.com/mandarin-chinese/level-1/sound/00168_chinese_1.mp3,http://wotd.transparent.com/mandarin-chinese/level-1/sound/00340_chinese_1.mp3
冰,bīng,ice,爸爸要冰。,Bàba yào bīng.,Dad wants ice.,http://wotd.transparent.com/mandarin-chinese/level-1/sound/00166_chinese_1.mp3,http://wotd.transparent.com/mandarin-chinese/level-1/sound/00338_chinese_1.mp3
开幕,kāimù,"to open, commence, begin",奥运会开幕了。,Àoyùnhuì kāimù le.,The Olympic games are opening.,http://wotd.transparent.com/mandarin-chinese/level-1/sound/00026_chinese_1.mp3,http://wotd.transparent.com/mandarin-chinese/level-1/sound/00198_chinese_1.mp3
入场,rùchǎng,to enter the field,现在美国队入场。,Xiànzài měiguó duì rù chǎng.,The American team is now entering the field.,http://wotd.transparent.com/mandarin-chinese/level-1/sound/00024_chinese_1.mp3,http://wotd.transparent.com/mandarin-chinese/level-1/sound/00196_chinese_1.mp3
队,duì,team,中国队很多人。,Zhōngguó duì hěnduō rén.,The Chinese team is large.,http://wotd.transparent.com/mandarin-chinese/level-1/sound/00022_chinese_1.mp3,http://wotd.transparent.com/mandarin-chinese/level-1/sound/00194_chinese_1.mp3
国歌,guógē,national anthem,美国国歌很美。,Měiguó guógē hěn měi.,The American national anthem is beautiful.,http://wotd.transparent.com/mandarin-chinese/level-1/sound/00020_chinese_1.mp3,http://wotd.transparent.com/mandarin-chinese/level-1/sound/00192_chinese_1.mp3
火炬,huǒjù,torch,看奥运火炬！,Kàn àoyùn huǒjù!,Look at the Olympic torch!,http://wotd.transparent.com/mandarin-chinese/level-1/sound/00010_chinese_1.mp3,http://wotd.transparent.com/mandarin-chinese/level-1/sound/00182_chinese_1.mp3
村,cūn,"village, pavilion",奥运村很好。,Àoyùncūn hěn hǎo.,The Olympic pavilion is good.,http://wotd.transparent.com/mandarin-chinese/level-1/sound/00006_chinese_1.mp3,http://wotd.transparent.com/mandarin-chinese/level-1/sound/00178_chinese_1.mp3
奥运会,àoyùnhuì,Olympic games,我喜欢看奥运会。,Wǒ xǐhuān kàn àoyùnhuì.,I like to watch the Olympic games.,http://wotd.transparent.com/mandarin-chinese/level-1/sound/00004_chinese_1.mp3,http://wotd.transparent.com/mandarin-chinese/level-1/sound/00176_chinese_1.mp3
国旗,guóqí,national flag,看中国国旗!,Kàn zhōngguó guóqí.,Look at the Chinese flag!,http://wotd.transparent.com/mandarin-chinese/level-1/sound/00018_chinese_1.mp3,http://wotd.transparent.com/mandarin-chinese/level-1/sound/00190_chinese_1.mp3
国家,guójiā,"country, state",有很多国家参赛。,Yǒu hěnduō guójiā cānsài.,There are many countries participating in the games.,http://wotd.transparent.com/mandarin-chinese/level-1/sound/00016_chinese_1.mp3,http://wotd.transparent.com/mandarin-chinese/level-1/sound/00188_chinese_1.mp3
运动员,yùndòngyuán,athlete,美国运动员好。,Měiguó yùndòngyuán hǎo.,The American athletes are good.,http://wotd.transparent.com/mandarin-chinese/level-1/sound/00008_chinese_1.mp3,http://wotd.transparent.com/mandarin-chinese/level-1/sound/00180_chinese_1.mp3
比赛,bǐsài,"game, competition",看比赛！,Kàn bǐsài!,Watch the game!,http://wotd.transparent.com/mandarin-chinese/level-1/sound/00014_chinese_1.mp3,http://wotd.transparent.com/mandarin-chinese/level-1/sound/00186_chinese_1.mp3
少,shǎo,"few, little",商店不少。,Shāngdiàn bù shǎo,There are quite a few shops.,http://wotd.transparent.com/mandarin-chinese/level-1/sound/00090_chinese_1.mp3,http://wotd.transparent.com/mandarin-chinese/level-1/sound/00262_chinese_1.mp3
多,duō,"many, much",汽车很多。,Qìchē hěn duō.,There are many buses.,http://wotd.transparent.com/mandarin-chinese/level-1/sound/00088_chinese_1.mp3,http://wotd.transparent.com/mandarin-chinese/level-1/sound/00260_chinese_1.mp3
地铁,dìtiě,subway,我乘地铁去医院。,Wǒ chéng dìtiě qù yīyuàn.,I'll take the subway to the hospital.,http://wotd.transparent.com/mandarin-chinese/level-1/sound/00082_chinese_1.mp3,http://wotd.transparent.com/mandarin-chinese/level-1/sound/00254_chinese_1.mp3
地铁,dìtiě,subway,我乘地铁去医院。,Wǒ chéng dìtiě qù yīyuàn.,I'll take the subway to the hospital.,http://wotd.transparent.com/mandarin-chinese/level-1/sound/00082_chinese_1.mp3,http://wotd.transparent.com/mandarin-chinese/level-1/sound/00254_chinese_1.mp3
德国,déguó,Germany,德国在欧洲。,Déguó zài ōuzhōu.,Germany is in Europe.,http://wotd.transparent.com/mandarin-chinese/level-1/sound/00058_chinese_1.mp3,http://wotd.transparent.com/mandarin-chinese/level-1/sound/00230_chinese_1.mp3
聚会,jùhuì,"get-together, gathering",我请你参加我的生日聚会。,Wǒ qǐng nǐ cānjiā wǒ de shēngrì jùhuì.,I am inviting you to my birthday party.,http://wotd.transparent.com/mandarin-chinese/level-1/sound/get-together-word.mp3,http://wotd.transparent.com/mandarin-chinese/level-1/sound/get-together-phrase.mp3
什么,shénme,what,今天我们做什么？,Jīntiān wǒmen zuò shénme?,What are we doing today?,http://wotd.transparent.com/mandarin-chinese/level-1/sound/what-word.mp3,http://wotd.transparent.com/mandarin-chinese/level-1/sound/what-phrase.mp3
学生,xuésheng,student,他们都是学生。,Tāmen dōu shì xuésheng.,They are all students.,http://wotd.transparent.com/mandarin-chinese/level-1/sound/student-word.mp3,http://wotd.transparent.com/mandarin-chinese/level-1/sound/student-phrase.mp3
学习,xuéxí,to study,他学习汉语。,Tā xuéxí hànyǔ.,He studies Chinese.,http://wotd.transparent.com/mandarin-chinese/level-1/sound/to-study-word.mp3,http://wotd.transparent.com/mandarin-chinese/level-1/sound/to-study-phrase.mp3
先生,xiānsheng,mister,王先生要买什么？,Wáng xiānsheng yào mǎi shénme?,What does Mr. Wang want to buy?,http://wotd.transparent.com/mandarin-chinese/level-1/sound/mister-word.mp3,http://wotd.transparent.com/mandarin-chinese/level-1/sound/mister-phrase.mp3
叫,jiào,to be called,他叫小明。,Tā jiào xiǎomíng.,His name is Xiaoming.,http://wotd.transparent.com/mandarin-chinese/level-1/sound/to-be-called-word.mp3,http://wotd.transparent.com/mandarin-chinese/level-1/sound/to-be-called-phrase.mp3
贵姓,guìxìng,your surname is…?,您贵姓？,Nín guìxìng?,What is your last name?,http://wotd.transparent.com/mandarin-chinese/level-1/sound/your-surname-is-word.mp3,http://wotd.transparent.com/mandarin-chinese/level-1/sound/your-surname-is-phrase.mp3
问,wèn,to ask,我要问一个问题。,Wǒ yào wèn yígè wèntí.,I'd like to ask a question.,http://wotd.transparent.com/mandarin-chinese/level-1/sound/to-ask-word.mp3,http://wotd.transparent.com/mandarin-chinese/level-1/sound/to-ask-phrase.mp3
小,xiǎo,small,这个学校很小。,Zhè gè xuéxiào hěn xiǎo.,This school is small.,http://wotd.transparent.com/mandarin-chinese/level-1/sound/small-word.mp3,http://wotd.transparent.com/mandarin-chinese/level-1/sound/small-phrase.mp3
大,dà,big,上海有很多大楼房。,Shànghǎi yǒu hěn duō dà lóufáng.,Shanghai has many big buildings.,http://wotd.transparent.com/mandarin-chinese/level-1/sound/big-word.mp3,http://wotd.transparent.com/mandarin-chinese/level-1/sound/big-phrase.mp3
大,dà,big,上海有很多大楼房。,Shànghǎi yǒu hěn duō dà lóufáng.,Shanghai has many big buildings.,http://wotd.transparent.com/mandarin-chinese/level-1/sound/big-word.mp3,http://wotd.transparent.com/mandarin-chinese/level-1/sound/big-phrase.mp3
交,jiāo,to pay; to submit,我每月交房租。,Wǒ měi yuè jiāo fángzū.,I pay the rent every month.,http://wotd.transparent.com/mandarin-chinese/level-1/sound/to-pay-word.mp3,http://wotd.transparent.com/mandarin-chinese/level-1/sound/to-pay-phrase.mp3
翻译,fānyì,to translate,请翻译这句话。,Qǐng fānyì zhèjù huà.,Please translate this sentence.,http://wotd.transparent.com/mandarin-chinese/level-1/sound/to-translate-word.mp3,http://wotd.transparent.com/mandarin-chinese/level-1/sound/to-translate-phrase.mp3
记住,jìzhù,to remember; to memorize,请记住这些生词。,Qǐng jìzhù zhè xiē shēngcí.,Please memorize these new words.,http://wotd.transparent.com/mandarin-chinese/level-1/sound/to-remember-word.mp3,http://wotd.transparent.com/mandarin-chinese/level-1/sound/to-remember-phrase.mp3
自己,zìjǐ,self,让孩子自己做。,Ràng háizi zìjǐ zuò.,Let the children do it themselves.,http://wotd.transparent.com/mandarin-chinese/level-1/sound/self-word.mp3,http://wotd.transparent.com/mandarin-chinese/level-1/sound/self-phrase.mp3
带,dài,to bring,请别带照相机。,Qǐng bié dài zhàoxiàngjī.,Please don't bring a camera.,http://wotd.transparent.com/mandarin-chinese/level-1/sound/to-bring-word.mp3,http://wotd.transparent.com/mandarin-chinese/level-1/sound/to-bring-phrase.mp3
裤子,kùzi,pants,这条裤子很贵。,Zhè tiáo kùzi hěnguì.,This pair of pants is quite expensive.,http://wotd.transparent.com/mandarin-chinese/level-1/sound/pants-word.mp3,http://wotd.transparent.com/mandarin-chinese/level-1/sound/pants-phrase.mp3
短,duǎn,short,这条裙子太短。,Zhè tiáo qúnzi tài duǎn.,This skirt is too short.,http://wotd.transparent.com/mandarin-chinese/level-1/sound/short-word.mp3,http://wotd.transparent.com/mandarin-chinese/level-1/sound/short-phrase.mp3
职业,zhíyè,profession,他的职业是教师。,Tā de zhíyè shì jiàoshī.,Teaching is his profession.,http://wotd.transparent.com/mandarin-chinese/level-1/sound/profession-word.mp3,http://wotd.transparent.com/mandarin-chinese/level-1/sound/profession-phrase.mp3
以前,yǐqián,"before, ago",十年以前我去了法国。,Shínián yǐqián wǒ qùle fǎguó.,I went to France ten years ago.,http://wotd.transparent.com/mandarin-chinese/level-1/sound/before-word.mp3,http://wotd.transparent.com/mandarin-chinese/level-1/sound/before-phrase.mp3
马路,mǎlù,street,北京的马路很宽。,Běijīng de mǎlù hěn kuān.,Beijing's streets are wide.,http://wotd.transparent.com/mandarin-chinese/level-1/sound/street-word.mp3,http://wotd.transparent.com/mandarin-chinese/level-1/sound/street-phrase.mp3
开始,kāishǐ,to begin; to start,电影开始了。,Diànyǐng kāishǐ le.,The movie has started.,http://wotd.transparent.com/mandarin-chinese/level-1/sound/to-begin-word.mp3,http://wotd.transparent.com/mandarin-chinese/level-1/sound/to-begin-phrase.mp3
开始,kāishǐ,to begin; to start,电影开始了。,Diànyǐng kāishǐ le.,The movie has started.,http://wotd.transparent.com/mandarin-chinese/level-1/sound/to-begin-word.mp3,http://wotd.transparent.com/mandarin-chinese/level-1/sound/to-begin-phrase.mp3
瓶子,píngzi,bottle,我们有三个空瓶子。,Wǒmen yǒu sān gè kōng píngzi.,We have three empty bottles.,http://wotd.transparent.com/mandarin-chinese/level-1/sound/bottle2-word.mp3,http://wotd.transparent.com/mandarin-chinese/level-1/sound/bottle2-phrase.mp3
别,bié,don't,请别吸烟。,Qǐng bié xīyān.,Please don't smoke.,http://wotd.transparent.com/mandarin-chinese/level-1/sound/dont-word.mp3,http://wotd.transparent.com/mandarin-chinese/level-1/sound/dont-phrase.mp3
准备,zhǔnbèi,to prepare,妈妈要准备午饭。,Māma yào zhǔnbèi wǔfàn.,Mother has to prepare lunch.,http://wotd.transparent.com/mandarin-chinese/level-1/sound/to-prepare-word.mp3,http://wotd.transparent.com/mandarin-chinese/level-1/sound/to-prepare-phrase.mp3
以后,yǐhòu,"later, after",午饭以后我去学校。,Wǔfàn yǐhòu wǒ qù xuéxiào.,I will go to school after lunch.,http://wotd.transparent.com/mandarin-chinese/level-1/sound/later-word.mp3,http://wotd.transparent.com/mandarin-chinese/level-1/sound/later-phrase.mp3
以后,yǐhòu,"later, after",午饭以后我去学校。,Wǔfàn yǐhòu wǒ qù xuéxiào.,I will go to school after lunch.,http://wotd.transparent.com/mandarin-chinese/level-1/sound/later-word.mp3,http://wotd.transparent.com/mandarin-chinese/level-1/sound/later-phrase.mp3
长,cháng,long,密西西比河很长。,Mìxīxībǐhé hěn cháng.,The Mississippi River is very long.,http://wotd.transparent.com/mandarin-chinese/level-1/sound/long-word.mp3,http://wotd.transparent.com/mandarin-chinese/level-1/sound/long-phrase.mp3
长,cháng,long,密西西比河很长。,Mìxīxībǐhé hěn cháng.,The Mississippi River is very long.,http://wotd.transparent.com/mandarin-chinese/level-1/sound/long-word.mp3,http://wotd.transparent.com/mandarin-chinese/level-1/sound/long-phrase.mp3
休息,xiūxi,to rest,我们休息五分钟。,Wǒmen xiūxi wǔ fēnzhōng.,Let's have a five-minute break.,http://wotd.transparent.com/mandarin-chinese/level-1/sound/to-rest-word.mp3,http://wotd.transparent.com/mandarin-chinese/level-1/sound/to-rest-phrase.mp3
办公室,bàngōngshì,office,办公室在哪儿？,Bàngōngshì zài nǎr?,Where is the office?,http://wotd.transparent.com/mandarin-chinese/level-1/sound/office-word.mp3,http://wotd.transparent.com/mandarin-chinese/level-1/sound/office-phrase.mp3
忘,wàng,to forget,我忘了他的地址。,Wǒ wàngle tā de dìzhǐ.,I forgot his address.,http://wotd.transparent.com/mandarin-chinese/level-1/sound/to-forget-word.mp3,http://wotd.transparent.com/mandarin-chinese/level-1/sound/to-forget-phrase.mp3
地方,dìfang,place,她去了中国很多地方。,Tā qùle zhōngguó hěnduō dìfang.,She has been to many places in China.,http://wotd.transparent.com/mandarin-chinese/level-1/sound/place-word.mp3,http://wotd.transparent.com/mandarin-chinese/level-1/sound/place-phrase.mp3
城市,chéngshì,city,纽约是大城市。,Niǔyuē shì dà chéngshì.,New York is a large city.,http://wotd.transparent.com/mandarin-chinese/level-1/sound/city-word.mp3,http://wotd.transparent.com/mandarin-chinese/level-1/sound/city-phrase.mp3
信用卡,xìnyòngkǎ,credit card,现在大家都用信用卡。,Xiànzài dàjiā dōu yòng xìnyòngkǎ.,Everyone uses a credit card now.,http://wotd.transparent.com/mandarin-chinese/level-1/sound/credit-card-word.mp3,http://wotd.transparent.com/mandarin-chinese/level-1/sound/credit-card-phrase.mp3
懂,dǒng,to understand,这个故事你懂吗？,Zhège gùshi nǐ dǒng ma?,Do you understand this story?,http://wotd.transparent.com/mandarin-chinese/level-1/sound/to-understand2-word.mp3,http://wotd.transparent.com/mandarin-chinese/level-1/sound/to-understand2-phrase.mp3
流利,liúlì,fluent,他说的汉语很流利。,Tā shuō de hànyǔ hěn liúlì.,His spoken Chinese is fluent.,http://wotd.transparent.com/mandarin-chinese/level-1/sound/fluent-word.mp3,http://wotd.transparent.com/mandarin-chinese/level-1/sound/fluent-phrase.mp3
发展,fāzhǎn,to develop,中国发展得很快。,Zhōngguó fāzhǎn de hěnkuài.,China is developing fast.,http://wotd.transparent.com/mandarin-chinese/level-1/sound/to-develop-word.mp3,http://wotd.transparent.com/mandarin-chinese/level-1/sound/to-develop-phrase.mp3
参观,cānguān,to visit,我参观了博物馆。,Wǒ cānguān le bówùguàn.,I visited the museum.,http://wotd.transparent.com/mandarin-chinese/level-1/sound/to-visit-word.mp3,http://wotd.transparent.com/mandarin-chinese/level-1/sound/to-visit-phrase.mp3
热闹,rènào,lively,中国的春节真热闹。,Zhōngguó de chūnjié zhēn rènao.,China's Spring Festival is very lively.,http://wotd.transparent.com/mandarin-chinese/level-1/sound/lively-word.mp3,http://wotd.transparent.com/mandarin-chinese/level-1/sound/lively-phrase.mp3
非常,fēicháng,extremely,今天非常热。,Jīntiān fēicháng rè.,It's extremely hot today.,http://wotd.transparent.com/mandarin-chinese/level-1/sound/extremely-word.mp3,http://wotd.transparent.com/mandarin-chinese/level-1/sound/extremely-phrase.mp3
美元,měiyuán,American dollar,我有一百块美元。,Wǒ yǒu yībǎi kuài měiyuán.,I have one hundred dollars.,http://wotd.transparent.com/mandarin-chinese/level-1/sound/American-dollar-word.mp3,http://wotd.transparent.com/mandarin-chinese/level-1/sound/American-dollar-phrase.mp3
美元,měiyuán,American dollar,我有一百块美元。,Wǒ yǒu yībǎi kuài měiyuán.,I have one hundred dollars.,http://wotd.transparent.com/mandarin-chinese/level-1/sound/American-dollar-word.mp3,http://wotd.transparent.com/mandarin-chinese/level-1/sound/American-dollar-phrase.mp3
银行,yínháng,bank,银行几点开门？,Yíngháng jǐdiǎn kāimén?,What time does the bank open?,http://wotd.transparent.com/mandarin-chinese/level-1/sound/bank-word.mp3,http://wotd.transparent.com/mandarin-chinese/level-1/sound/bank-phrase.mp3
感恩节,gǎnēnjié,Thanksgiving,感恩节我们吃火鸡。,Gǎnēnjié wǒmén chī huǒjī.,We eat turkey on Thanksgiving.,http://wotd.transparent.com/mandarin-chinese/level-1/sound/Thanksgiving-word.mp3,http://wotd.transparent.com/mandarin-chinese/level-1/sound/Thanksgiving-phrase.mp3
干净,gānjìng,clean,他的房间很干净。,Tā de fángjiān hěn gānjìng.,His room is very clean.,http://wotd.transparent.com/mandarin-chinese/level-1/sound/clean-word.mp3,http://wotd.transparent.com/mandarin-chinese/level-1/sound/clean-phrase.mp3
圣诞节,shèngdànjié,Christmas,圣诞节我要回家。,Shèngdànjié wǒ yào huíjiā.,I will go home for Christmas.,http://wotd.transparent.com/mandarin-chinese/level-1/sound/Christmas-word.mp3,http://wotd.transparent.com/mandarin-chinese/level-1/sound/Christmas-phrase.mp3
语法,yǔfǎ,grammar,汉语语法不太难。,Hànyǔ yǔfǎ bú tài nán.,Chinese grammar is not very difficult.,http://wotd.transparent.com/mandarin-chinese/level-1/sound/grammar-word.mp3,http://wotd.transparent.com/mandarin-chinese/level-1/sound/grammar-phrase.mp3
口语,kǒuyǔ,spoken language,我的汉语口语不太好。,Wǒ de hànyǔ kǒuyǔ bú tài hǎo.,My spoken Chinese is not very good.,http://wotd.transparent.com/mandarin-chinese/level-1/sound/spoken-language-word.mp3,http://wotd.transparent.com/mandarin-chinese/level-1/sound/spoken-language-phrase.mp3
念,niàn,to read aloud,请念生词。,Qǐng niàn shēngcí.,Please read the new words aloud.,http://wotd.transparent.com/mandarin-chinese/level-1/sound/to-read-aloud-word.mp3,http://wotd.transparent.com/mandarin-chinese/level-1/sound/to-read-aloud-phrase.mp3
房子,fángzi,house,他家的房子很美。,Tā jiā de fángzi hěn měi.,His family's house is very beautiful.,http://wotd.transparent.com/mandarin-chinese/level-1/sound/house-word.mp3,http://wotd.transparent.com/mandarin-chinese/level-1/sound/house-phrase.mp3
旅行,lǚxíng,to travel,我想去西部旅行。,Wǒ xiǎng qù xībù lǚxíng.,I'd like to travel in the west.,http://wotd.transparent.com/mandarin-chinese/level-1/sound/to-travel-word.mp3,http://wotd.transparent.com/mandarin-chinese/level-1/sound/to-travel-phrase.mp3
洗,xǐ,to wash,请把车洗一洗。,Qǐng bǎ chē xǐyixǐ.,Please wash the car.,http://wotd.transparent.com/mandarin-chinese/level-1/sound/to-wash-word.mp3,http://wotd.transparent.com/mandarin-chinese/level-1/sound/to-wash-phrase.mp3
有意思,yǒuyìsi,interesting,这本书很有意思。,Zhè běn shū hěn yǒuyìsi.,This book is very interesting.,http://wotd.transparent.com/mandarin-chinese/level-1/sound/interesting-word.mp3,http://wotd.transparent.com/mandarin-chinese/level-1/sound/interesting-phrase.mp3
打扫,dǎsǎo,to clean,他每天打扫房间。,Tā měitiān dǎsǎo fángjiān.,He cleans the room everyday.,http://wotd.transparent.com/mandarin-chinese/level-1/sound/to-clean-word.mp3,http://wotd.transparent.com/mandarin-chinese/level-1/sound/to-clean-phrase.mp3
寄,jì,to mail,我给妈妈寄了礼物。,Wǒ gěi māma jìle lǐwù.,I have mailed the gift to mom.,http://wotd.transparent.com/mandarin-chinese/level-1/sound/to-mail-word.mp3,http://wotd.transparent.com/mandarin-chinese/level-1/sound/to-mail-phrase.mp3
刚才,gāngcái,just now,他刚才来找过你。,Tā gāngcái lái zhǎoguò nǐ.,He has just come to look for you.,http://wotd.transparent.com/mandarin-chinese/level-1/sound/just-now-word.mp3,http://wotd.transparent.com/mandarin-chinese/level-1/sound/just-now-phrase.mp3
河,hé,river,黄河在中国。,Huánghé zài zhōngguó.,The Yellow River is in China.,http://wotd.transparent.com/mandarin-chinese/level-1/sound/river-word.mp3,http://wotd.transparent.com/mandarin-chinese/level-1/sound/river-phrase.mp3
山,shān,mountain,中国有很多大山。,Zhōngguó yǒu hěnduō dà shān.,There are many big mountains in China.,http://wotd.transparent.com/mandarin-chinese/level-1/sound/mountain-word.mp3,http://wotd.transparent.com/mandarin-chinese/level-1/sound/mountain-phrase.mp3
回,huí,to return,他已经回家了。,Tā yǐjīng huíjiā le.,He has already gone home.,http://wotd.transparent.com/mandarin-chinese/level-1/sound/to-return-word.mp3,http://wotd.transparent.com/mandarin-chinese/level-1/sound/to-return-phrase.mp3
旧,jiù,old,我的衣服很旧。,Wǒde yīfu hěn jiù.,My clothes are very old.,http://wotd.transparent.com/mandarin-chinese/level-1/sound/old-word.mp3,http://wotd.transparent.com/mandarin-chinese/level-1/sound/old-phrase.mp3
新,xīn,new,这个书店是新的。,Zhè ge shūdiàn shì xīnde.,This bookstore is new.,http://wotd.transparent.com/mandarin-chinese/level-1/sound/new-word.mp3,http://wotd.transparent.com/mandarin-chinese/level-1/sound/new-phrase.mp3
服务,fúwù,to serve,这家商店服务很好。,Zhè jiā shāngdiàn fúwù hěn hǎo.,This store's service is very good.,http://wotd.transparent.com/mandarin-chinese/level-1/sound/to-serve-word.mp3,http://wotd.transparent.com/mandarin-chinese/level-1/sound/to-serve-phrase.mp3
热心,rèxīn,enthusiastic,他很热心地帮助我。,Tā hěn rèxīn de bāngzhù wǒ.,He helps me enthusiastically.,http://wotd.transparent.com/mandarin-chinese/level-1/sound/enthusiastic-word.mp3,http://wotd.transparent.com/mandarin-chinese/level-1/sound/enthusiastic-phrase.mp3
方便,fāngbiàn,convenient,这儿买东西很方便。,Zhèr mǎi dōngxi hěn fāngbiàn.,It is convenient to go shopping here.,http://wotd.transparent.com/mandarin-chinese/level-1/sound/convenient-word.mp3,http://wotd.transparent.com/mandarin-chinese/level-1/sound/convenient-phrase.mp3
客厅,kètīng,living room,我们的客厅很大。,Wǒmén de kètīng hěn dà.,Our living room is very large.,http://wotd.transparent.com/mandarin-chinese/level-1/sound/living-room-word.mp3,http://wotd.transparent.com/mandarin-chinese/level-1/sound/living-room-phrase.mp3
客厅,kètīng,living room,我们的客厅很大。,Wǒmén de kètīng hěn dà.,Our living room is very large.,http://wotd.transparent.com/mandarin-chinese/level-1/sound/living-room-word.mp3,http://wotd.transparent.com/mandarin-chinese/level-1/sound/living-room-phrase.mp3
可能,kěnèng,maybe,明天可能下雨。,Míngtiān kěnéng xiàyǔ.,It might rain tomorrow.,http://wotd.transparent.com/mandarin-chinese/level-1/sound/maybe-word.mp3,http://wotd.transparent.com/mandarin-chinese/level-1/sound/maybe-phrase.mp3
经理,jīnglǐ,manager,今天经理有会。,Jīntiān jīnglǐ yǒu huì.,The manager has a meeting today.,http://wotd.transparent.com/mandarin-chinese/level-1/sound/manager-word.mp3,http://wotd.transparent.com/mandarin-chinese/level-1/sound/manager-phrase.mp3
帮助,bāngzhù,to help,我可以帮助你吗？,Wǒ kěyǐ bāngzhù nǐ ma?,May I help you?,http://wotd.transparent.com/mandarin-chinese/level-1/sound/to-help-word.mp3,http://wotd.transparent.com/mandarin-chinese/level-1/sound/to-help-phrase.mp3
帮助,bāngzhù,to help,我可以帮助你吗？,Wǒ kěyǐ bāngzhù nǐ ma?,May I help you?,http://wotd.transparent.com/mandarin-chinese/level-1/sound/to-help-word.mp3,http://wotd.transparent.com/mandarin-chinese/level-1/sound/to-help-phrase.mp3
办,bàn,"to deal with, to do, to take care of, to manage",我有很多事要办。,Wǒ yǒu hěnduō shì yào bàn.,I have a lot to take care of.,http://wotd.transparent.com/mandarin-chinese/level-1/sound/to-deal-with-word.mp3,http://wotd.transparent.com/mandarin-chinese/level-1/sound/to-deal-with-phrase.mp3
厨房,chúfáng,kitchen,这间厨房太小。,Zhè jiān chúfáng tài xiǎo.,This kitchen is too small.,http://wotd.transparent.com/mandarin-chinese/level-1/sound/kitchen-word.mp3,http://wotd.transparent.com/mandarin-chinese/level-1/sound/kitchen-phrase.mp3
租,zū,to rent,他想租一间房。,Tā xiǎng zū yī jiān fáng.,He wants to rent a room.,http://wotd.transparent.com/mandarin-chinese/level-1/sound/to-rent-word.mp3,http://wotd.transparent.com/mandarin-chinese/level-1/sound/to-rent-phrase.mp3
可是,kěshì,but,我很好，可是太忙。,"Wǒ hěnhǎo, kěshì tài máng.","I am well, but too busy.",http://wotd.transparent.com/mandarin-chinese/level-1/sound/but-word.mp3,http://wotd.transparent.com/mandarin-chinese/level-1/sound/but-phrase.mp3
散步,sànbù,to take a walk,他吃饭后常常散步。,Tā chīfàn hòu chángcháng sànbù.,He often takes a walk after meals.,http://wotd.transparent.com/mandarin-chinese/level-1/sound/to-take-a-walk-word.mp3,http://wotd.transparent.com/mandarin-chinese/level-1/sound/to-take-a-walk-phrase.mp3
告诉,gàosu,to tell,请告诉他一点开会。,Qǐng gàosù tā yīdiǎn kāihuì.,Please tell him the meeting is at one o'clock.,http://wotd.transparent.com/mandarin-chinese/level-1/sound/to-tell-word.mp3,http://wotd.transparent.com/mandarin-chinese/level-1/sound/to-tell-phrase.mp3
生病,shēngbìng,to get sick; to fall ill,我不常生病。,Wǒ bù cháng shēngbìng.,I do not get sick often.,http://wotd.transparent.com/mandarin-chinese/level-1/sound/to-get-sick-word.mp3,http://wotd.transparent.com/mandarin-chinese/level-1/sound/to-get-sick-phrase.mp3
听说,tīngshuō,to hear of; to hear about,听说她工作得很晚。,Tīngshūo tā gōngzuò de hěn wǎn.,I hear she works very late.,http://wotd.transparent.com/mandarin-chinese/level-1/sound/to-hear-of;-to-hear-about-word.mp3,http://wotd.transparent.com/mandarin-chinese/level-1/sound/to-hear-of;-to-hear-about-phrase.mp3
胃,wèi,stomach,我的胃不舒服。,Wǒ de wèi bù shūfu.,My stomach doesn't feel well.,http://wotd.transparent.com/mandarin-chinese/level-1/sound/stomach-word.mp3,http://wotd.transparent.com/mandarin-chinese/level-1/sound/stomach-phrase.mp3
胃,wèi,stomach,我的胃不舒服。,Wǒ de wèi bù shūfu.,My stomach doesn't feel well.,http://wotd.transparent.com/mandarin-chinese/level-1/sound/stomach-word.mp3,http://wotd.transparent.com/mandarin-chinese/level-1/sound/stomach-phrase.mp3
药,yào,medicine,我要去买药。,Wǒ yào qù mǎi yào.,I need to buy some medicine.,http://wotd.transparent.com/mandarin-chinese/level-1/sound/medicine-word.mp3,http://wotd.transparent.com/mandarin-chinese/level-1/sound/medicine-phrase.mp3
发烧,fāshāo,to have a fever,我有点儿发烧。,#N/A!,I have a bit of a fever.,http://wotd.transparent.com/mandarin-chinese/level-1/sound/to-have-a-fever-word.mp3,http://wotd.transparent.com/mandarin-chinese/level-1/sound/to-have-a-fever-phrase.mp3
感冒,gǎnmào,to have a cold; to catch a cold,孩子感冒了。,Háizi gǎnmào le.,The child has caught a cold.,http://wotd.transparent.com/mandarin-chinese/level-1/sound/to-have-a-cold-word.mp3,http://wotd.transparent.com/mandarin-chinese/level-1/sound/to-have-a-cold-phrase.mp3
住,zhù,to live,你住在哪儿？,Nǐ zhù zài nǎr?,Where do you live?,http://wotd.transparent.com/mandarin-chinese/level-1/sound/to-live-word.mp3,http://wotd.transparent.com/mandarin-chinese/level-1/sound/to-live-phrase.mp3
紫,zǐ,purple,我喜欢紫色。,Wǒ xǐhuan zǐ sè.,I like purple.,http://wotd.transparent.com/mandarin-chinese/level-1/sound/purple-word.mp3,http://wotd.transparent.com/mandarin-chinese/level-1/sound/purple-phrase.mp3
蓝,lán,blue,今天天真蓝。,Jīntiān tiān zhēn lán.,The sky is really blue today.,http://wotd.transparent.com/mandarin-chinese/level-1/sound/blue-word.mp3,http://wotd.transparent.com/mandarin-chinese/level-1/sound/blue-phrase.mp3
黄,huáng,yellow,秋天草黄了。,Qiūtiān cǎo huáng le.,Grass turns yellow in the fall.,http://wotd.transparent.com/mandarin-chinese/level-1/sound/yellow-word.mp3,http://wotd.transparent.com/mandarin-chinese/level-1/sound/yellow-phrase.mp3
绿,lǜ,green,绿草很嫩。,Lǜ cǎo hěn nèn.,Green grass is tender.,http://wotd.transparent.com/mandarin-chinese/level-1/sound/green-word.mp3,http://wotd.transparent.com/mandarin-chinese/level-1/sound/green-phrase.mp3
白,bái,white,夏天我穿白衬衫。,Xiàtiān wǒ chuān bái chènshān.,I wear white shirts in the summer.,http://wotd.transparent.com/mandarin-chinese/level-1/sound/white-word.mp3,http://wotd.transparent.com/mandarin-chinese/level-1/sound/white-phrase.mp3
黑,hēi,black,教室有黑板。,Jiàoshì yǒu hēibǎn.,There is a blackboard in the classroom.,http://wotd.transparent.com/mandarin-chinese/level-1/sound/black-word.mp3,http://wotd.transparent.com/mandarin-chinese/level-1/sound/black-phrase.mp3
衣服,yīfu,clothing; clothes,他穿了一件黑衣服。,Tā chuānle yī jiàn hēi yīfu.,He wore one piece of black clothing.,http://wotd.transparent.com/mandarin-chinese/level-1/sound/clothing-word.mp3,http://wotd.transparent.com/mandarin-chinese/level-1/sound/clothing-phrase.mp3
穿,chuān,to wear,孩子喜欢穿新衣。,Háizi xǐhuān chuān xīnyī.,Children like to wear new clothes.,http://wotd.transparent.com/mandarin-chinese/level-1/sound/to-wear-word.mp3,http://wotd.transparent.com/mandarin-chinese/level-1/sound/to-wear-phrase.mp3
